freq,wst_oper,unit,geo\TIME_PERIOD	2010 	2011 	2012 	2013 	2014 	2015 	2016 	2017 	2018 	2019 	2020 	2021 	2022 	2023 	2024 
A,DSP_I,KG_HAB,AL	: 	: 	: 	29 	13 	12 	14 	7 	9 	1 	0 	0 	0 	0 	: 
A,DSP_I,KG_HAB,AT	0 	0 	0 	0 	0 	0 	0 	0 	0 	0 i	1 b	1 	0 	0 	: 
A,DSP_I,KG_HAB,BA	0 	0 	0 	0 	0 	0 	0 	0 	0 	0 i	0 i	: 	0 	0 	0 
A,DSP_I,KG_HAB,BE	8 	13 	12 	9 	3 	3 	4 	3 	3 	2 	0 	0 	0 	0 	0 p
A,DSP_I,KG_HAB,BG	0 	0 	0 	0 	0 	0 	0 	0 	0 	0 i	0 	0 	0 	0 	: 
A,DSP_I,KG_HAB,CH	0 	0 	0 	0 	0 	0 	0 	0 	0 	0 	0 	0 	0 	0 	: 
A,DSP_I,KG_HAB,CY	0 	0 	0 	0 	0 	0 	0 	0 	0 	0 	0 	0 	0 	0 	0 
A,DSP_I,KG_HAB,CZ	0 e	0 e	0 e	0 e	0 e	0 e	0 e	0 b	0 	0 	0 	0 	0 	0 	: 
A,DSP_I,KG_HAB,DE	129 i	128 i	104 i	65 i	66 i	55 i	29 i	7 i	6 i	6 i	7 i	7 i	7 i	7 i	11 i
A,DSP_I,KG_HAB,DK	: 	0 b	0 	0 	0 	0 	0 	0 	0 	0 	0 	0 	0 	0 	0 p
A,DSP_I,KG_HAB,EE	0 	0 	0 	0 	0 	0 	0 	0 	0 	0 	0 	0 	0 	0 	0 
A,DSP_I,KG_HAB,EL	0 	0 	0 	: 	: 	: 	0 i	0 i	0 i	0 	0 	0 	0 	0 	: 
A,DSP_I,KG_HAB,ES	0 	0 	0 	0 	0 	0 	0 	0 	0 	0 	0 	0 	0 	0 p	0 e
A,DSP_I,KG_HAB,EU27_2020	30 i	26 i	20 i	14 i	14 i	18 i	11 i	3 i	2 i	2 i	2 i	3 i	2 i	: 	3 i
A,DSP_I,KG_HAB,FI	21 	0 	0 	0 	0 	0 	0 	0 	0 	0 	0 	1 	3 	4 	4 
A,DSP_I,KG_HAB,FR	7 e	7 	6 e	6 	5 e	4 	1 e	1 e	1 e	1 e	1 e	1 e	1 e	1 e	1 ep
A,DSP_I,KG_HAB,HR	0 	0 	0 	0 	0 	0 	0 	0 	0 	0 	0 	0 	0 	0 	0 
A,DSP_I,KG_HAB,HU	0 	0 	0 	0 	0 	0 	0 	0 	0 	0 	0 	0 	0 	0 	0 
A,DSP_I,KG_HAB,IE	0 	0 	0 	: 	0 	: 	0 	0 	0 	0 	0 	0 	0 	0 	: 
A,DSP_I,KG_HAB,IS	6 	6 	6 	3 	21 	19 	23 	24 	30 	: 	16 	16 	18 	16 	: 
A,DSP_I,KG_HAB,IT	1 	1 	0 	0 	0 	51 b	33 	4 	3 	3 	3 	4 	3 	4 	: 
A,DSP_I,KG_HAB,LT	0 	1 	0 	0 	0 	0 	0 	0 	0 	0 	0 	0 	0 	0 	0 
A,DSP_I,KG_HAB,LU	0 	0 	0 	0 	0 	0 	0 b	0 	0 	0 e	0 i	0 	0 	0 	0 e
A,DSP_I,KG_HAB,LV	0 	0 	0 	0 	0 	0 	0 	0 	0 	0 i	0 	0 	0 	: 	0 
A,DSP_I,KG_HAB,ME	: 	: 	0 e	0 e	0 e	0 e	0 e	: 	0 e	0 e	0 e	0 e	0 	0 	0 
A,DSP_I,KG_HAB,MK	: 	0 	: 	: 	: 	: 	: 	: 	: 	: 	: 	: 	0 	0 	: 
A,DSP_I,KG_HAB,MT	0 	0 	0 	0 	0 	0 	0 	0 	0 	0 	0 	0 	0 	0 	0 
A,DSP_I,KG_HAB,NL	110 	43 	7 	6 	6 	6 	6 	5 	5 	5 	5 	5 p	5 p	5 	5 
A,DSP_I,KG_HAB,NO	0 	0 	0 	0 	0 b	0 	0 b	0 	0 	0 	0 b	0 	0 	0 	0 
A,DSP_I,KG_HAB,PL	1 	1 	1 	5 be	10 be	3 e	4 e	5 e	5 e	5 e	4 	5 	3 	3 	0 
A,DSP_I,KG_HAB,PT	0 	0 	0 	0 	0 	0 	0 	0 	0 	0 	0 	0 	0 	0 	0 
A,DSP_I,KG_HAB,RO	0 b	0 	0 	0 	0 	0 	0 	0 	0 	0 	0 	2 	2 	3 	: 
A,DSP_I,KG_HAB,RS	0 	0 	0 	0 	0 	0 	0 	0 	0 	0 	: 	0 	0 	0 	: 
A,DSP_I,KG_HAB,SE	0 	0 	0 	0 	0 	0 	0 	0 	0 	0 	0 e	0 e	0 e	0 e	0 e
A,DSP_I,KG_HAB,SI	0 	0 	1 	0 	0 	0 	9 	18 	3 	0 	10 	10 	12 	10 	13 
A,DSP_I,KG_HAB,SK	2 	1 	1 	0 	1 	0 	0 	0 	6 	16 	0 	0 	0 	0 	0 
A,DSP_I,KG_HAB,TR	0 	0 	0 	0 	0 	0 	0 	0 	0 	0 	0 	0 	: 	: 	: 
A,DSP_I,KG_HAB,XK	: 	: 	: 	: 	: 	: 	: 	: 	: 	: 	0 	0 	0 	0 i	0 i
A,DSP_I,THS_T,AL	: 	: 	: 	83 	38 	36 	41 	20 	26 	2 	1 	0 	0 	0 	: 
A,DSP_I,THS_T,AT	0 	0 	0 	0 	0 	0 	0 	0 	0 	0 i	7 b	6 	2 	1 	: 
A,DSP_I,THS_T,BA	0 	0 	0 	0 	0 	0 	0 	0 	0 	0 i	0 	: 	0 	0 	0 
A,DSP_I,THS_T,BE	90 	141 	138 	100 	39 	36 	48 	38 	39 	25 	1 	2 	1 	1 	1 p
A,DSP_I,THS_T,BG	0 	0 	0 	0 	0 	0 	0 	0 	0 	0 i	0 	0 	0 	0 	: 
A,DSP_I,THS_T,CH	0 	0 	0 	0 	0 	0 	0 	0 	0 	0 	0 	0 	0 	0 	: 
A,DSP_I,THS_T,CY	0 	0 	0 	0 	0 	0 	0 	0 	0 	0 	0 	0 	0 	0 	0 
A,DSP_I,THS_T,CZ	2 e	3 e	3 e	3 e	4 e	4 e	4 e	4 b	5 	4 	5 	4 	4 	3 	: 
A,DSP_I,THS_T,DE	10534 i	10284 i	8329 i	5236 i	5324 i	4459 i	2392 i	612 i	480 i	484 i	616 i	592 i	565 i	569 i	934 i
A,DSP_I,THS_T,DK	: 	0 b	0 	0 	0 	0 	0 	0 	0 	0 	0 	0 	0 	0 	0 p
A,DSP_I,THS_T,EE	0 	0 	0 	0 	0 	0 	0 	0 	0 	0 	0 	0 	0 	0 	0 
A,DSP_I,THS_T,EL	0 	0 	0 	: 	: 	: 	0 i	0 i	0 i	0 	0 	0 	0 	0 	: 
A,DSP_I,THS_T,ES	0 	0 	0 	0 	0 	0 	0 	0 	0 	0 	0 	0 	0 	0 p	0 e
A,DSP_I,THS_T,EU27_2020	13105 i	11675 i	9037 i	6016 i	6172 i	8028 i	4807 i	1335 i	1077 i	1105 i	1107 i	1173 i	1087 i	: 	1399 i
A,DSP_I,THS_T,FI	115 	0 	0 	0 	0 	0 	0 	0 	1 	1 	2 	6 	17 	20 	21 
A,DSP_I,THS_T,FR	424 e	433 	401 e	369 	306 e	242 	99 e	98 e	53 e	53 e	43 e	43 e	47 e	46 e	45 ep
A,DSP_I,THS_T,HR	0 	0 	0 	0 	0 	0 	0 	0 	0 	0 	0 	0 	0 	0 	0 
A,DSP_I,THS_T,HU	0 	0 	0 	0 	0 	0 	0 	0 	0 	0 	4 	3 	3 	4 	4 
A,DSP_I,THS_T,IE	1 	0 	0 	: 	0 	: 	0 	0 	0 	0 	0 	0 	0 	0 	: 
A,DSP_I,THS_T,IS	2 	2 	2 	1 	7 	6 	8 	8 	11 	: 	6 	6 	7 	6 	: 
A,DSP_I,THS_T,IT	53 	41 	0 	0 	0 	3071 b	1999 	256 	180 	178 	158 	208 	189 	227 	: 
A,DSP_I,THS_T,LT	0 	2 	0 	0 	0 	0 	0 	0 	0 	0 	0 	0 	0 	0 	0 
A,DSP_I,THS_T,LU	0 	0 	0 	0 	0 	0 	0 b	0 	0 	0 e	0 i	0 	0 	0 	0 e
A,DSP_I,THS_T,LV	0 	0 	0 	0 	0 	0 	0 	0 	0 	0 i	0 	0 	0 	: 	0 
A,DSP_I,THS_T,ME	: 	: 	0 e	0 e	0 e	0 e	0 e	: 	0 e	0 e	0 e	0 e	0 	0 	0 
A,DSP_I,THS_T,MK	: 	0 	: 	: 	: 	: 	: 	: 	: 	: 	: 	: 	0 	0 	: 
A,DSP_I,THS_T,MT	0 	0 	0 	0 	0 	0 	0 	0 	0 	0 	0 	0 	0 	0 	0 
A,DSP_I,THS_T,NL	1833 	722 	110 	104 	97 	94 	94 	93 	91 	95 	83 	83 p	81 p	83 	82 
A,DSP_I,THS_T,NO	0 	0 	0 	0 	0 b	0 	0 b	0 	0 	0 	0 b	0 	0 	0 	0 
A,DSP_I,THS_T,PL	39 	45 	51 	203 be	398 be	121 e	152 e	198 e	191 e	179 e	166 	171 	113 	92 	3 
A,DSP_I,THS_T,PT	0 	0 	0 	0 	0 	0 	0 	0 	0 	0 	0 	0 	0 	0 	0 
A,DSP_I,THS_T,RO	0 b	0 	0 	0 	0 	0 	0 	0 	0 	0 	0 	34 	40 	49 	: 
A,DSP_I,THS_T,RS	0 	0 	0 	0 	0 	0 	0 	0 	0 	0 	: 	0 	0 	0 	: 
A,DSP_I,THS_T,SE	0 	0 	0 	0 	0 	0 	0 	0 	0 	0 	0 e	0 e	0 e	0 e	0 e
A,DSP_I,THS_T,SI	1 	0 	1 	1 	0 	0 	19 	37 	7 	1 	21 	21 	25 	21 	27 
A,DSP_I,THS_T,SK	12 	4 	4 	0 	4 	0 	0 	0 	30 	85 	0 	0 	0 	0 	0 
A,DSP_I,THS_T,TR	0 	0 	0 	0 	0 	0 	0 	0 	0 	0 	0 	0 	: 	: 	: 
A,DSP_I,THS_T,XK	: 	: 	: 	: 	: 	: 	: 	: 	: 	: 	0 	0 	0 	0 	0 
A,DSP_I_RCV_E,KG_HAB,AL	: 	: 	: 	32 	15 	20 	21 	15 	22 	4 	4 	6 	13 	14 	: 
A,DSP_I_RCV_E,KG_HAB,AT	196 	200 	201 	202 	205 	212 	212 	221 	224 	226 i	299 b	296 	284 	277 	: 
A,DSP_I_RCV_E,KG_HAB,BA	0 	0 	0 	0 	0 	0 	0 	0 	: 	: 	: 	: 	0 	0 	0 
A,DSP_I_RCV_E,KG_HAB,BE	178 	182 	184 	191 	185 	182 	186 	176 	177 	178 	353 	332 	311 	303 	305 p
A,DSP_I_RCV_E,KG_HAB,BG	0 	0 	0 	7 	7 	12 	16 	15 	31 	16 i	20 	13 	15 	16 	: 
A,DSP_I_RCV_E,KG_HAB,CH	352 	345 	348 	346 	341 	344 	343 	337 	335 	333 	333 	336 	324 	325 	: 
A,DSP_I_RCV_E,KG_HAB,CY	0 	0 	0 	0 	5 	0 	2 	2 	5 	6 	9 	15 	16 	16 	17 
A,DSP_I_RCV_E,KG_HAB,CZ	47 e	58 e	62 e	60 e	57 e	56 e	56 e	85 b	83 	82 	69 	69 	67 	76 	: 
A,DSP_I_RCV_E,KG_HAB,DE	223 i	229 i	214 i	207 i	208 i	202 i	202 i	200 i	195 i	198 i	194 i	191 i	183 i	186 i	198 i
A,DSP_I_RCV_E,KG_HAB,DK	: 	474 b	446 	447 	430 	422 	419 	421 	397 	401 	435 	395 	363 	387 	386 p
A,DSP_I_RCV_E,KG_HAB,EE	0 	0 	35 	163 	169 	185 	184 	165 	167 	167 	164 	192 	157 	159 	158 
A,DSP_I_RCV_E,KG_HAB,EL	0 	1 	3 	: 	: 	: 	3 i	5 i	8 i	7 	8 	8 	8 	9 	: 
A,DSP_I_RCV_E,KG_HAB,ES	44 	50 	45 	53 	52 	58 	56 	60 	55 	52 	47 	51 	50 	46 p	47 e
A,DSP_I_RCV_E,KG_HAB,EU27_2020	120 i	125 i	122 i	125 i	128 i	129 i	130 i	132 i	131 i	131 i	138 i	138 i	132 i	: 	135 i
A,DSP_I_RCV_E,KG_HAB,FI	104 	126 	171 	209 	241 	239 	276 	299 	314 	314 	350 	382 	292 	256 	236 
A,DSP_I_RCV_E,KG_HAB,FR	186 e	188 	186 e	184 	183 e	183 	175 e	174 e	173 e	171 e	175 e	173 e	177 e	173 e	170 ep
A,DSP_I_RCV_E,KG_HAB,HR	0 	0 	0 	0 	1 	0 	0 	0 	0 	0 	1 	1 	1 	8 	7 
A,DSP_I_RCV_E,KG_HAB,HU	41 	41 	37 	34 	38 	54 	57 	63 	52 	53 	49 	52 	48 	53 	55 
A,DSP_I_RCV_E,KG_HAB,IE	24 	43 	93 	: 	192 	: 	170 	182 	254 	284 	268 	257 	262 	251 	: 
A,DSP_I_RCV_E,KG_HAB,IS	38 	31 	28 	19 	21 	20 	25 	24 	33 	: 	64 	55 	93 	119 	: 
A,DSP_I_RCV_E,KG_HAB,IT	91 	93 	92 	99 	97 	100 b	98 	94 	96 	99 	94 	95 	90 	94 	: 
A,DSP_I_RCV_E,KG_HAB,LT	0 	2 	0 	31 	38 	51 	77 	83 	58 	69 	124 	168 	177 	180 	179 
A,DSP_I_RCV_E,KG_HAB,LU	256 	261 	249 	243 	237 	274 	379 b	372 	375 	369 e	341 i	323 	299 	292 	273 e
A,DSP_I_RCV_E,KG_HAB,LV	0 	0 	1 	6 	5 	8 	10 	11 	8 	15 i	13 	16 	14 	: 	30 
A,DSP_I_RCV_E,KG_HAB,ME	: 	: 	0 e	0 e	0 e	0 e	0 e	: 	0 e	0 e	0 e	0 e	0 e	0 e	0 e
A,DSP_I_RCV_E,KG_HAB,MK	: 	0 	: 	: 	: 	: 	: 	: 	: 	: 	: 	: 	0 	0 	: 
A,DSP_I_RCV_E,KG_HAB,MT	0 	6 	3 	2 	2 	2 	2 	0 	0 	0 	0 	25 	8 	16 	13 
A,DSP_I_RCV_E,KG_HAB,NL	281 	280 	269 	256 	251 	245 	235 	226 	218 	212 	222 	210 p	194 p	189 	192 
A,DSP_I_RCV_E,KG_HAB,NO	236 	271 	268 	285 	224 b	221 	404 b	396 	378 	384 	337 b	399 	393 	339 	338 
A,DSP_I_RCV_E,KG_HAB,PL	1 	1 	1 	20 be	41 be	38 e	60 e	77 e	79 e	77 e	75 	78 	77 	76 	85 
A,DSP_I_RCV_E,KG_HAB,PT	100 	103 	88 	104 	93 	91 	92 	96 	92 	96 	109 	120 	103 	92 	116 
A,DSP_I_RCV_E,KG_HAB,RO	1 b	2 	4 	5 	7 	6 	11 	12 	12 	13 	15 	18 	23 	18 	: 
A,DSP_I_RCV_E,KG_HAB,RS	0 	0 	0 	0 	0 	0 	0 	0 	0 	0 	: 	2 	2 	2 	: 
A,DSP_I_RCV_E,KG_HAB,SE	226 	237 	239 	233 	222 	233 	228 	239 	232 	236 	259 be	249 e	233 e	230 e	225 e
A,DSP_I_RCV_E,KG_HAB,SI	4 	6 	5 	2 	1 	77 be	91 e	54 e	50 e	66 e	64 e	56 	62 	69 	82 
A,DSP_I_RCV_E,KG_HAB,SK	34 	34 	31 	32 	35 	35 	36 	36 	34 	39 	35 	40 	38 	36 	35 
A,DSP_I_RCV_E,KG_HAB,TR	0 	0 	0 	0 	0 	0 	0 	0 	0 	0 	0 	0 	: 	: 	: 
A,DSP_I_RCV_E,KG_HAB,XK	: 	: 	: 	: 	: 	: 	: 	: 	: 	: 	0 	0 	0 	0 i	0 i
A,DSP_I_RCV_E,THS_T,AL	: 	: 	: 	92 	44 	58 	60 	43 	63 	12 	12 	18 	36 	39 	: 
A,DSP_I_RCV_E,THS_T,AT	1636 	1678 	1693 	1716 	1756 	1833 	1855 	1944 	1977 	2004 i	2669 b	2654 	2567 	2533 	: 
A,DSP_I_RCV_E,THS_T,BA	0 	0 	0 	0 	0 	0 	0 	0 	: 	: 	: 	: 	0 	0 	0 
A,DSP_I_RCV_E,THS_T,BE	1940 	2004 	2047 	2131 	2078 	2050 	2113 	2002 	2022 	2047 	4070 	3852 	3633 	3569 	3623 p
A,DSP_I_RCV_E,THS_T,BG	0 	0 	0 	49 	51 	82 	109 	103 	208 	103 i	129 	82 	96 	101 	: 
A,DSP_I_RCV_E,THS_T,CH	2757 	2732 	2786 	2798 	2790 	2850 	2876 	2846 	2856 	2857 	2875 	2926 	2843 	2891 	: 
A,DSP_I_RCV_E,THS_T,CY	0 	0 	0 	0 	4 	0 	2 	2 	4 	6 	8 	14 	15 	16 	16 
A,DSP_I_RCV_E,THS_T,CZ	497 e	610 e	654 e	631 e	604 e	590 e	588 e	905 b	879 	873 	737 	726 	719 	829 	: 
A,DSP_I_RCV_E,THS_T,DE	18256 i	18358 i	17192 i	16707 i	16877 i	16527 i	16652 i	16558 i	16127 i	16464 i	16133 i	15910 i	15226 i	15495 i	16519 i
A,DSP_I_RCV_E,THS_T,DK	: 	2643 b	2495 	2510 	2424 	2396 	2402 	2429 	2302 	2333 	2536 	2311 	2141 	2301 	2304 p
A,DSP_I_RCV_E,THS_T,EE	0 	0 	47 	214 	222 	243 	242 	217 	221 	221 	218 	255 	212 	218 	217 
A,DSP_I_RCV_E,THS_T,EL	0 	16 	29 	: 	: 	: 	27 i	58 i	83 i	74 	88 	87 	87 	89 	: 
A,DSP_I_RCV_E,THS_T,ES	2044 	2342 	2112 	2492 	2394 	2685 	2589 	2804 	2580 	2445 	2218 	2423 	2366 	2227 p	2276 e
A,DSP_I_RCV_E,THS_T,EU27_2020	53206 i	55227 i	53876 i	55374 i	56547 i	56997 i	57565 i	58618 i	58294 i	58693 i	61722 i	61426 i	59154 i	: 	60551 i
A,DSP_I_RCV_E,THS_T,FI	556 	678 	925 	1137 	1316 	1312 	1515 	1646 	1733 	1736 	1934 	2116 	1621 	1430 	1328 
A,DSP_I_RCV_E,THS_T,FR	12058 e	12265 	12191 e	12116 	12158 e	12199 	11701 e	11634 e	11638 e	11505 e	11821 e	11746 e	12067 e	11803 e	11654 ep
A,DSP_I_RCV_E,THS_T,HR	0 	0 	2 	1 	3 	0 	1 	1 	1 	1 	3 	5 	3 	30 	29 
A,DSP_I_RCV_E,THS_T,HU	406 	408 	364 	336 	373 	525 	554 	608 	501 	515 	470 	503 	463 	508 	524 
A,DSP_I_RCV_E,THS_T,IE	109 	196 	427 	: 	893 	: 	811 	881 	1243 	1413 	1353 	1313 	1364 	1332 	: 
A,DSP_I_RCV_E,THS_T,IS	12 	10 	9 	6 	7 	7 	8 	8 	12 	: 	24 	20 	35 	46 	: 
A,DSP_I_RCV_E,THS_T,IT	5440 	5593 	5529 	5970 	5868 	6040 b	5865 	5634 	5756 	5889 	5615 	5617 	5307 	5520 	: 
A,DSP_I_RCV_E,THS_T,LT	1 	7 	0 	92 	113 	150 	221 	236 	163 	194 	349 	473 	500 	516 	516 
A,DSP_I_RCV_E,THS_T,LU	130 	135 	132 	132 	132 	156 	221 b	222 	228 	229 e	215 i	207 	195 	194 	185 e
A,DSP_I_RCV_E,THS_T,LV	0 	0 	3 	12 	11 	15 	19 	22 	15 	28 i	24 	30 	26 	: 	57 
A,DSP_I_RCV_E,THS_T,ME	: 	: 	0 e	0 e	0 e	0 e	0 e	: 	0 e	0 e	0 e	0 e	0 e	0 e	0 e
A,DSP_I_RCV_E,THS_T,MK	: 	0 	: 	: 	: 	: 	: 	: 	: 	: 	: 	: 	0 	0 	: 
A,DSP_I_RCV_E,THS_T,MT	0 	3 	1 	1 	1 	1 	1 	0 	0 	0 	0 	13 	4 	9 	8 
A,DSP_I_RCV_E,THS_T,NL	4674 	4678 	4515 	4304 	4238 	4151 	3995 	3868 	3759 	3672 	3876 	3680 p	3432 p	3380 	3450 
A,DSP_I_RCV_E,THS_T,NO	1154 	1341 	1346 	1446 	1148 b	1145 	2113 b	2088 	2006 	2053 	1814 b	2160 	2146 	1873 	1883 
A,DSP_I_RCV_E,THS_T,PL	39 	45 	51 	766 be	1560 be	1439 e	2266 e	2922 e	3013 e	2920 e	2823 	2873 	2827 	2778 	3104 
A,DSP_I_RCV_E,THS_T,PT	1058 	1088 	930 	1091 	974 	941 	950 	989 	946 	996 	1129 	1248 	1078 	976 	1241 
A,DSP_I_RCV_E,THS_T,RO	21 b	47 	89 	97 	133 	116 	220 	227 	241 	251 	298 	351 	429 	352 	: 
A,DSP_I_RCV_E,THS_T,RS	0 	0 	0 	0 	0 	0 	0 	0 	0 	0 	: 	13 	11 	11 	: 
A,DSP_I_RCV_E,THS_T,SE	2124 	2236 	2271 	2236 	2149 	2284 	2263 	2400 	2362 	2427 	2680 be	2599 e	2439 e	2423 e	2378 e
A,DSP_I_RCV_E,THS_T,SI	9 	11 	10 	4 	2 	158 be	188 e	111 e	105 e	137 e	134 e	118 	131 	147 	175 
A,DSP_I_RCV_E,THS_T,SK	183 	186 	168 	174 	190 	191 	197 	197 	187 	211 	193 	220 	204 	198 	191 
A,DSP_I_RCV_E,THS_T,TR	0 	0 	0 	0 	0 	0 	0 	0 	0 	0 	0 	0 	: 	: 	: 
A,DSP_I_RCV_E,THS_T,XK	: 	: 	: 	: 	: 	: 	: 	: 	: 	: 	0 	0 	0 	0 	0 
A,DSP_L_OTH,KG_HAB,AL	: 	: 	: 	164 	270 	337 	353 	346 	355 	305 	298 	247 	226 	234 	: 
A,DSP_L_OTH,KG_HAB,AT	18 	27 	25 	23 	23 	17 	15 	12 	13 	12 i	15 b	17 	17 	14 	: 
A,DSP_L_OTH,KG_HAB,BA	271 	269 	227 	233 	234 	257 	270 	270 	271 	311 i	313 i	: 	267 	264 	269 
A,DSP_L_OTH,KG_HAB,BE	7 	4 	3 	4 	4 	4 	3 	4 	4 	4 	2 	3 	1 	1 	1 p
A,DSP_L_OTH,KG_HAB,BG	411 	349 	318 	303 	313 	286 	268 	280 	261 	288 i	291 i	137 	262 	217 	: 
A,DSP_L_OTH,KG_HAB,CH	0 	0 	0 	0 	0 	0 	0 	0 	0 	0 	0 	0 	0 	0 	: 
A,DSP_L_OTH,KG_HAB,CY	600 	559 	541 	503 	463 	475 	490 	484 	444 	423 	401 	384 	387 	406 	457 
A,DSP_L_OTH,KG_HAB,CZ	206 e	206 e	174 e	173 e	174 e	166 e	169 e	222 b	229 	231 	259 	263 	249 	228 	: 
A,DSP_L_OTH,KG_HAB,DE	3 	3 	1 	8 i	8 i	8 i	6 i	5 i	5 i	5 i	5 i	2 i	5 i	6 i	10 i
A,DSP_L_OTH,KG_HAB,DK	: 	22 b	18 	14 	12 	11 	10 	8 	9 	8 	7 	13 	12 	14 	15 p
A,DSP_L_OTH,KG_HAB,EE	201 	180 	98 	40 	23 	26 	39 	75 	87 	64 	56 	78 	49 	2 	48 
A,DSP_L_OTH,KG_HAB,EL	441 	412 	408 	403 	410 	409 	410 i	403 i	403 i	407 	400 	411 	420 	422 	: 
A,DSP_L_OTH,KG_HAB,ES	318 	305 	284 	253 	259 	261 	251 	242 	255 	241 	229 	220 	226 	217 p	216 e
A,DSP_L_OTH,KG_HAB,EU27_2020	178 	167 	153 	142 i	134 i	127 i	128 i	127 i	125 i	124 i	120 i	117 i	116 i	: 	110 i
A,DSP_L_OTH,KG_HAB,FI	212 	203 	166 	124 	84 	57 	16 	5 	4 	5 	3 	3 	2 	2 	2 
A,DSP_L_OTH,KG_HAB,FR	155 e	149 	142 e	134 	128 e	122 	158 e	160 e	145 e	144 e	129 e	133 e	116 e	112 e	110 ep
A,DSP_L_OTH,KG_HAB,HR	358 	349 	323 	334 	312 	317 	314 	307 	293 	272 	261 	266 	266 	246 	247 
A,DSP_L_OTH,KG_HAB,HU	284 	257 	263 	245 	222 	203 	193 	188 	191 	198 	220 	214 	225 	233 	220 
A,DSP_L_OTH,KG_HAB,IE	328 	293 	223 	: 	115 	: 	149 	129 	85 	95 	103 b	99 	88 	85 	: 
A,DSP_L_OTH,KG_HAB,IS	346 	339 	343 	340 	354 	342 	375 	416 	418 	: 	293 	263 	196 	162 	: 
A,DSP_L_OTH,KG_HAB,IT	251 	220 	195 	181 	155 	130 	124 	115 	108 	105 	98 	95 	88 	78 	: 
A,DSP_L_OTH,KG_HAB,LT	348 	341 	325 	270 	254 	241 	132 	148 	114 	101 	78 	74 	63 	35 	26 
A,DSP_L_OTH,KG_HAB,LU	108 	97 	93 	88 	89 	45 	35 b	36 	35 	35 e	31 i	32 	20 	21 	18 e
A,DSP_L_OTH,KG_HAB,LV	294 	258 	254 	259 	258 	250 	263 	267 	240 	252 i	253 	242 	202 	: 	142 
A,DSP_L_OTH,KG_HAB,ME	: 	438 e	435 e	462 e	456 e	472 e	466 e	: 	450 e	483 e	431 e	479 e	506 e	536 e	556 e
A,DSP_L_OTH,KG_HAB,MK	351 	357 	381 	384 	370 	380 	385 	344 	301 	305 i	304 i	324 	330 	340 	: 
A,DSP_L_OTH,KG_HAB,MT	545 	512 	503 	495 	506 	676 	488 	531 	562 	636 	531 	519 	515 	444 	448 
A,DSP_L_OTH,KG_HAB,NL	9 	9 	8 	8 	8 	7 	7 	7 	7 	7 	7 	7 p	7 p	7 	7 
A,DSP_L_OTH,KG_HAB,NO	28 	11 	9 	10 	12 b	14 	32 b	26 	23 	29 	17 b	25 	24 	39 	20 
A,DSP_L_OTH,KG_HAB,PL	211 	221 	212 	184 e	159 be	155 e	140 e	132 e	137 e	145 e	139 	143 	139 	111 b	116 
A,DSP_L_OTH,KG_HAB,PT	320 	288 	246 	222 	221 	214 	207 	226 	244 	242 	290 	270 	280 	285 	270 
A,DSP_L_OTH,KG_HAB,RO	238 b	201 	171 	175 	179 	178 	190 	207 	210 	213 	214 	223 	223 	231 	: 
A,DSP_L_OTH,KG_HAB,RS	259 	289 	254 	268 	234 	192 	211 	256 	279 	291 	: 	345 	366 	372 	: 
A,DSP_L_OTH,KG_HAB,SE	4 	3 	3 	3 	3 	4 	3 	2 	3 	3 	2 be	2 e	2 e	4 e	3 be
A,DSP_L_OTH,KG_HAB,SI	279 	234 	154 	109 	101 	102 	38 	48 	47 	52 	33 	31 	39 	49 	54 
A,DSP_L_OTH,KG_HAB,SK	246 	230 	224 	213 	214 	226 	228 	229 	229 	219 	218 	202 	188 	183 	186 
A,DSP_L_OTH,KG_HAB,TR	340 	355 e	340 	332 e	361 	350 e	359 	359 e	347 	347 e	337 	338 e	: 	: 	: 
A,DSP_L_OTH,KG_HAB,XK	: 	: 	: 	: 	: 	177 	222 	228 	226 	252 i	255 	264 	275 	268 i	267 i
A,DSP_L_OTH,THS_T,AL	: 	: 	: 	476 	779 	970 	1016 	993 	1017 	872 	846 	693 	629 	647 	: 
A,DSP_L_OTH,THS_T,AT	153 	230 	207 	199 	194 	144 	132 	103 	113 	106 i	137 b	152 	150 	124 	: 
A,DSP_L_OTH,THS_T,BA	1042 	1034 	873 	894 	894 	942 	947 	946 	946 	1087 i	1089 	: 	920 	905 	916 
A,DSP_L_OTH,THS_T,BE	81 	41 	32 	42 	46 	40 	38 	41 	46 	44 	19 	40 	12 	9 	9 p
A,DSP_L_OTH,THS_T,BG	3041 	2568 	2323 	2167 	2217 	1994 	1851 	1903 	1750 	1903 i	1903 i	892 	1695 	1397 	: 
A,DSP_L_OTH,THS_T,CH	0 	0 	0 	0 	0 	0 	0 	0 	0 	0 	0 	0 	0 	0 	: 
A,DSP_L_OTH,THS_T,CY	498 	476 	467 	434 	399 	410 	424 	423 	393 	379 	364 	354 	363 	389 	444 
A,DSP_L_OTH,THS_T,CZ	2162 e	2167 e	1828 e	1815 e	1827 e	1755 e	1789 e	2355 b	2430 	2467 	2774 	2768 	2655 	2473 	: 
A,DSP_L_OTH,THS_T,DE	206 	247 	107 	684 i	682 i	646 i	522 i	451 i	422 i	413 i	386 i	185 i	414 i	486 i	849 i
A,DSP_L_OTH,THS_T,DK	: 	124 b	98 	78 	66 	61 	56 	48 	53 	46 	41 	74 	70 	81 	88 p
A,DSP_L_OTH,THS_T,EE	267 	239 	129 	53 	30 	35 	51 	99 	115 	85 	75 	103 	66 	3 	66 
A,DSP_L_OTH,THS_T,EL	4903 	4578 	4507 	4421 	4470 	4426 	4415 i	4335 i	4330 i	4359 	4284 	4340 	4386 	4389 	: 
A,DSP_L_OTH,THS_T,ES	14789 	14276 	13263 	11801 	12023 	12129 	11658 	11263 	11917 	11365 	10853 	10438 	10807 	10491 p	10551 e
A,DSP_L_OTH,THS_T,EU27_2020	78615 	73618 	67425 	62899 i	59209 i	56529 i	56736 i	56448 i	55637 i	55332 i	53772 i	52238 i	51719 i	: 	49502 i
A,DSP_L_OTH,THS_T,FI	1136 	1093 	901 	672 	458 	315 	90 	26 	22 	30 	17 	14 	11 	13 	10 
A,DSP_L_OTH,THS_T,FR	10078 e	9731 	9281 e	8830 	8490 e	8151 	10569 e	10700 e	9738 e	9707 e	8697 e	9036 e	7886 e	7654 e	7559 ep
A,DSP_L_OTH,THS_T,HR	1537 	1496 	1380 	1413 	1310 	1319 	1288 	1243 	1171 	1073 	1023 	1030 	1025 	950 	957 
A,DSP_L_OTH,THS_T,HU	2838 	2563 	2609 	2415 	2181 	1991 	1888 	1825 	1851 	1918 	2124 	2061 	2164 	2232 	2105 
A,DSP_L_OTH,THS_T,IE	1496 	1344 	1028 	: 	537 	: 	711 	623 	418 	472 	517 b	504 	459 	452 	: 
A,DSP_L_OTH,THS_T,IS	110 	108 	110 	110 	116 	113 	126 	143 	148 	: 	107 	98 	75 	62 	: 
A,DSP_L_OTH,THS_T,IT	15015 	13206 	11720 	10914 	9332 	7819 	7432 	6927 	6486 	6283 	5817 	5619 	5173 	4599 	: 
A,DSP_L_OTH,THS_T,LT	1079 	1034 	971 	798 	748 	702 	379 	421 	320 	284 	220 	207 	180 	100 	75 
A,DSP_L_OTH,THS_T,LU	55 	50 	50 	48 	50 	26 	20 b	21 	21 	22 e	19 i	20 	13 	14 	13 e
A,DSP_L_OTH,THS_T,LV	617 	531 	516 	521 	515 	494 	516 	518 	462 	482 i	480 	456 	380 	: 	266 
A,DSP_L_OTH,THS_T,ME	: 	271 e	270 e	287 e	284 e	294 e	290 e	: 	280 e	301 e	268 e	297 e	312 e	332 e	347 e
A,DSP_L_OTH,THS_T,MK	721 	735 	786 	793 	765 	786 	797 	714 	625 	632 i	630 i	632 	606 	622 	: 
A,DSP_L_OTH,THS_T,MT	226 	213 	211 	210 	219 	300 	222 	248 	272 	321 	274 	269 	273 	246 	255 
A,DSP_L_OTH,THS_T,NL	145 	151 	138 	131 	128 	125 	127 	124 	125 	124 	127 	121 p	118 p	118 	124 
A,DSP_L_OTH,THS_T,NO	137 	56 	44 	52 	60 b	74 	167 b	138 	124 	154 	90 b	135 	129 	214 	111 
A,DSP_L_OTH,THS_T,PL	8037 	8400 	8085 	6997 e	6031 be	5897 e	5331 e	5000 e	5191 e	5487 e	5218 	5296 	5108 	4067 b	4257 
A,DSP_L_OTH,THS_T,PT	3381 	3048 	2593 	2320 	2307 	2221 	2144 	2335 	2518 	2505 	3009 	2809 	2929 	3019 	2883 
A,DSP_L_OTH,THS_T,RO	4813 b	4057 	3427 	3503 	3558 	3522 	3741 	4052 	4095 	4120 	4114 	4262 	4253 	4407 	: 
A,DSP_L_OTH,THS_T,RS	1889 	2090 	1830 	1920 	1670 	1360 	1490 	1800 	1950 	2020 	: 	2356 	2457 	2461 	: 
A,DSP_L_OTH,THS_T,SE	38 	33 	27 	28 	27 	35 	28 	20 	30 	35 	21 be	24 e	25 e	46 e	27 be
A,DSP_L_OTH,THS_T,SI	571 	481 	316 	224 	208 	210 	78 	99 	97 	108 	69 	66 	81 	103 	116 
A,DSP_L_OTH,THS_T,SK	1325 	1240 	1211 	1152 	1158 	1226 	1236 	1246 	1248 	1197 	1189 	1099 	1022 	993 	1008 
A,DSP_L_OTH,THS_T,TR	24904 	26319 e	25552 	25267 e	27864 	27415 e	28492 	28838 e	28238 	28634 e	28061 	28418 e	: 	: 	: 
A,DSP_L_OTH,THS_T,XK	: 	: 	: 	: 	: 	316 	395 	409 	407 	451 i	456 	472 	488 	474 	469 
A,GEN,KG_HAB,AL	: 	: 	: 	325 i	425 i	491 i	452 e	436 e	462 	381 	369 	311 	295 	306 	: 
A,GEN,KG_HAB,AT	562 	573 	579 	578 	565 	560 	564 	570 	579 	588 	834 b	835 	803 	782 	: 
A,GEN,KG_HAB,BA	332 	340 	340 	311 	349 	340 	354 	352 	356 	352 	346 i	355 i	343 e	346 e	329 
A,GEN,KG_HAB,BE	456 	455 	445 	436 	425 	412 	419 	411 	409 	416 	729 	755 	690 	688 	699 p
A,GEN,KG_HAB,BG	554 	508 	460 	438 	451 	431 	418 	453 	426 	465 i	432 	470 	488 	490 	: 
A,GEN,KG_HAB,CH	711 	692 	697 	706 	733 	728 	723 	709 	706 	709 	706 	704 	677 	678 	: 
A,GEN,KG_HAB,CY	711 	692 	681 	634 	613 	626 	638 	631 	651 	653 	614 	635 	654 	661 	688 p
A,GEN,KG_HAB,CZ	318 	320 	308 	307 	310 	316 	339 	489 b	494 	500 	543 	570 	549 	538 	: 
A,GEN,KG_HAB,DE	602 	626 	619 	615 	631 	632 	633 	627 	606 	609 e	641 	648 	608 	613 	628 e
A,GEN,KG_HAB,DK	: 	862 b	806 	813 	808 	822 	830 	820 	814 	844 	814 	800 	759 	759 	755 p
A,GEN,KG_HAB,EE	305 b	301 	280 	293 	357 b	359 	376 	390 	405 	369 	383 	395 	373 	373 	375 
A,GEN,KG_HAB,EL	532 	503 	495 	482 	488 	488 	498 	504 	515 	524 	499 b	509 	519 	523 	: 
A,GEN,KG_HAB,ES	510 	485 	468 	455 	448 	456 	464 	473 	475 	472 	463 	482 	485 	464 p	456 e
A,GEN,KG_HAB,EU27_2020	503 	499 	487 	479 	479 	481 	494 	500 	501 	505 i	521 	534 	514 	511 	517 i
A,GEN,KG_HAB,FI	470 	505 	506 	493 	482 	500 	504 	510 	551 	566 	609 	630 	522 	468 	457 
A,GEN,KG_HAB,FR	534 e	534 	527 e	520 	517 e	516 	553 e	558 e	557 e	555 e	534 e	564 e	534 e	527 e	530 ep
A,GEN,KG_HAB,HR	379 	384 	391 	407 	390 	398 	409 	424 	443 	459 	433 	456 	478 	475 	486 
A,GEN,KG_HAB,HU	403 	382 	402 	379 	386 	379 	381 	387 	384 	390 	406 	420 	407 	429 	414 
A,GEN,KG_HAB,IE	624 	616 	585 	: 	562 b	: 	580 	573 	595 	620 	637 b	619 	612 	590 	: 
A,GEN,KG_HAB,IS	484 	495 	511 	516 	535 	588 	655 	656 	702 	: 	614 	659 	595 	580 	: 
A,GEN,KG_HAB,IT	542 	523 	498 	490 	492 	490 	501 	493 	504 	503 	487 	495 	486 	489 	: 
A,GEN,KG_HAB,LT	404 	442 	445 	432 	432 	447 	442 	453 	461 	469 	480 	479 	465 	446 	462 
A,GEN,KG_HAB,LU	679 	666 	652 	616 	626 	607 	815 b	798 	803 	791 e	790 	793 	721 	718 	681 e
A,GEN,KG_HAB,LV	324 	350 	323 	350 	364 	404 	410 	411 	407 	439 	478 	461 	464 	437 	462 
A,GEN,KG_HAB,ME	: 	525 e	496 e	499 e	479 e	498 e	493 e	490 e	516 e	545 e	486 e	515 e	537 e	570 e	585 e
A,GEN,KG_HAB,MK	351 e	357 	381 	384 	370 	380 	: 	: 	412 	441 	441 e	459 e	467 e	480 e	: 
A,GEN,KG_HAB,MT	623 	622 	612 	604 	629 	643 	643 	667 	673 	697 	642 	611 	618 	603 	621 
A,GEN,KG_HAB,NL	571 	568 	549 	526 	527 	523 	520 	513 	511 	508 	533 	513 p	473 p	465 	473 
A,GEN,KG_HAB,NO	469 	485 	477 	496 	423 b	421 	754 b	748 	739 	776 	726 b	799 	768 	724 	716 
A,GEN,KG_HAB,PL	316 e	319 e	317 e	297 be	272 be	286 e	307 e	315 e	329 	336 	350 	370 	364 	367 	387 
A,GEN,KG_HAB,PT	516 	490 	453 	439 	452 	459 b	472 	484 	504 	510 	508 	510 	508 	505 	519 
A,GEN,KG_HAB,RO	313 b	259 	251 	254 	249 	247 	261 	272 	272 	280 	292 	302 	303 	305 	: 
A,GEN,KG_HAB,RS	363 	375 	364 	336 	299 	259 	268 	306 	319 	338 	427 	442 	473 	467 	: 
A,GEN,KG_HAB,SE	441 	453 	454 	455 	443 	451 	447 	452 	434 	449 	431 b	418 	395 	392 	427 b
A,GEN,KG_HAB,SI	490 	415 	362 	414 b	432 	449 	457 	471 	486 	504 	487 	511 	487 	517 	526 
A,GEN,KG_HAB,SK	319 	311 	306 	304 	320 	329 	348 	378 	414 	421 	478 	497 	478 	472 	489 
A,GEN,KG_HAB,TR	407 	416 e	410 	406 e	405 e	400 e	426 be	425 e	424 e	424 e	415 	416 e	382 	380 e	402 
A,GEN,KG_HAB,XK	: 	: 	: 	: 	: 	178 	: 	229 	226 	252 	255 	271 	283 	277 i	267 i
A,GEN,THS_T,AL	: 	: 	: 	940 i	1229 i	1413 i	1300 e	1254 e	1325 	1087 	1048 	875 	820 	844 	: 
A,GEN,THS_T,AT	4701 	4807 	4883 	4905 	4833 	4836 	4928 	5018 	5119 	5220 	7438 b	7476 	7261 	7142 	: 
A,GEN,THS_T,BA	1276 	1307 	1303 	1192 	1335 	1249 	1244 	1235 	1244 	1228 	1206 e	1229 e	1184 e	1186 e	1123 
A,GEN,THS_T,BE	4972 	5023 	4944 	4867 	4762 	4643 	4746 	4672 	4677 	4779 	8408 	8753 	8055 	8104 	8295 p
A,GEN,THS_T,BG	4094 	3732 	3364 	3135 	3192 	3011 	2881 	3080 	2862 	3080 i	2829 	3058 	3157 	3156 	: 
A,GEN,THS_T,CH	5565 	5478 	5576 	5708 	6006 	6030 	6050 	5992 	6012 	6079 	6096 	6130 	5943 	6027 	: 
A,GEN,THS_T,CY	590 	589 	588 	547 	527 	540 	553 	551 	576 	586 	558 	585 	615 	633 	669 p
A,GEN,THS_T,CZ	3334 	3358 	3233 	3228 	3261 	3337 	3580 	5177 b	5248 	5338 	5814 	5991 	5854 	5840 	: 
A,GEN,THS_T,DE	49237 	50237 	49759 	49570 	51102 	51625 	52133 	51790 	50260 	50612 e	53322 	53871 	50606 	51017 	52471 e
A,GEN,THS_T,DK	: 	4803 b	4508 	4564 	4558 	4671 	4757 	4728 	4715 	4907 	4744 	4688 	4478 	4513 	4511 p
A,GEN,THS_T,EE	406 b	399 	371 	386 	470 b	473 	494 	514 	535 	490 	509 	525 	503 	512 	514 
A,GEN,THS_T,EL	5917 	5586 	5463 	5284 	5315 	5277 	5367 	5415 	5523 	5613 	5335 b	5381 	5420 	5440 	: 
A,GEN,THS_T,ES	23774 	22672 	21896 	21184 	20836 	21158 	21542 	22018 	22229 	22262 	21928 	22853 	23153 	22433 p	22292 e
A,GEN,THS_T,EU27_2020	222023 	219853 	214989 	211501 	211876 	213424 	219577 	222511 	223119 	225350 i	232627 	238108 	229690 	228993 	232350 i
A,GEN,THS_T,FI	2519 	2719 	2738 	2682 	2630 	2738 	2768 	2812 	3041 	3123 	3370 	3491 	2898 	2612 	2570 
A,GEN,THS_T,FR	34609 e	34790 	34484 e	34176 	34260 e	34344 	36891 e	37357 e	37380 e	37407 e	36096 e	38272 e	36421 e	36035 e	36313 ep
A,GEN,THS_T,HR	1630 	1645 	1670 	1721 	1637 	1654 	1680 	1716 	1768 	1812 	1693 	1767 	1844 	1833 	1879 
A,GEN,THS_T,HU	4033 	3809 	3988 	3738 	3795 	3712 	3721 	3768 	3729 	3780 	3931 	4042 	3911 	4115 	3957 
A,GEN,THS_T,IE	2846 	2823 	2693 	: 	2619 b	: 	2763 	2768 	2912 	3086 	3210 b	3164 	3191 	3135 	: 
A,GEN,THS_T,IS	154 	158 	164 	167 	175 	195 	220 	225 	247 	: 	225 	246 	227 	224 	: 
A,GEN,THS_T,IT	32440 	31386 	29994 	29573 	29652 	29524 	30112 	29572 	30165 	30023 	28945 	29254 	28692 	28840 	: 
A,GEN,THS_T,LT	1253 	1339 	1330 	1280 	1270 	1300 	1272 	1286 	1301 	1319 	1350 	1345 	1317 	1282 	1333 
A,GEN,THS_T,LU	344 	345 	346 	335 	348 	346 	474 b	476 	488 	491 e	498 	508 	471 	478 	461 e
A,GEN,THS_T,LV	680 	721 	658 	704 	726 	798 	802 	798 	785 	840 	909 	869 	872 	824 	863 
A,GEN,THS_T,ME	: 	326 e	308 e	310 e	298 e	310 e	307 e	305 e	321 e	339 e	302 e	319 e	332 e	353 e	365 e
A,GEN,THS_T,MK	721 e	735 	786 	793 	765 	786 	: 	: 	855 	916 	913 e	896 e	857 e	878 e	: 
A,GEN,THS_T,MT	258 	259 	257 	257 	273 	285 	292 	312 	326 	351 	331 	317 	328 	333 	354 
A,GEN,THS_T,NL	9484 	9479 	9203 	8840 	8894 	8866 	8861 	8792 	8806 	8806 	9300 	9003 p	8365 p	8316 	8504 
A,GEN,THS_T,NO	2295 	2403 	2392 	2518 	2175 b	2187 	3946 b	3949 	3927 	4151 	3905 b	4320 	4189 	3997 	3992 
A,GEN,THS_T,PL	12032 e	12129 e	12084 e	11295 be	10330 be	10863 e	11654 e	11969 e	12485 	12753 	13117 	13674 	13420 	13448 	14158 
A,GEN,THS_T,PT	5457 	5178 	4766 	4598 	4710 	4769 b	4891 	5007 	5213 	5281 	5279 	5311 	5323 	5338 	5550 
A,GEN,THS_T,RO	6343 b	5216 	5044 	5071 	4956 	4904 	5143 	5333 	5296 	5430 	5619 	5777 	5767 	5822 	: 
A,GEN,THS_T,RS	2650 	2710 	2620 	2410 	2130 	1840 	1890 	2150 	2230 	2350 	2947 	3022 	3179 	3095 	: 
A,GEN,THS_T,SE	4140 	4278 	4324 	4371 	4295 	4422 	4439 	4551 	4416 	4611 	4460 b	4352 	4139 	4134 	4513 b
A,GEN,THS_T,SI	1004 	852 	744 	853 b	892 	926 	943 	974 	1009 	1052 	1024 	1077 	1029 	1097 	1118 
A,GEN,THS_T,SK	1719 	1679 	1657 	1645 	1733 	1784 	1890 	2058 	2254 	2299 	2612 	2705 	2597 	2561 	2649 
A,GEN,THS_T,TR	29733 	30862 e	30786 	30920 e	31230 e	31283 e	33763 be	34173 e	34533 e	35017 e	34581 	35022 e	32422 	32457 e	34371 
A,GEN,THS_T,XK	: 	: 	: 	: 	: 	319 	: 	410 	407 	451 	456 	485 	501 	490 	469 
A,PRP_REU,KG_HAB,AL	: 	: 	: 	: 	: 	: 	: 	: 	: 	: 	: 	: 	0 	0 	: 
A,PRP_REU,KG_HAB,AT	: 	: 	: 	: 	: 	: 	: 	: 	: 	: 	4 b	5 	5 	4 	: 
A,PRP_REU,KG_HAB,BE	: 	: 	: 	: 	: 	: 	: 	: 	: 	: 	2 	7 	9 	10 	10 p
A,PRP_REU,KG_HAB,BG	: 	: 	: 	: 	: 	: 	: 	: 	: 	: 	0 	0 	: 	0 	: 
A,PRP_REU,KG_HAB,CH	: 	: 	: 	: 	: 	: 	: 	: 	: 	: 	0 	0 	0 	0 	: 
A,PRP_REU,KG_HAB,CY	0 	0 	0 	0 	0 	0 	0 	0 	0 	2 	2 	2 	2 	3 	2 p
A,PRP_REU,KG_HAB,CZ	: 	: 	: 	: 	: 	: 	: 	0 b	0 	0 	0 	0 	0 	0 	: 
A,PRP_REU,KG_HAB,DE	: 	: 	: 	: 	: 	: 	: 	: 	: 	: 	8 	15 	3 	: 	: 
A,PRP_REU,KG_HAB,DK	: 	: 	: 	: 	: 	: 	: 	: 	: 	: 	: 	1 	3 	5 	5 p
A,PRP_REU,KG_HAB,EE	: 	: 	: 	: 	: 	: 	: 	: 	: 	: 	: 	: 	1 	: 	0 
A,PRP_REU,KG_HAB,EL	: 	: 	: 	: 	: 	: 	: 	: 	: 	: 	: 	: 	1 	1 	: 
A,PRP_REU,KG_HAB,FI	: 	: 	: 	: 	: 	: 	: 	: 	: 	: 	0 	: 	1 	1 	1 
A,PRP_REU,KG_HAB,FR	: 	: 	: 	: 	: 	: 	2 e	2 e	3 e	3 e	2 e	3 e	3 e	3 e	3 ep
A,PRP_REU,KG_HAB,HR	: 	: 	: 	: 	: 	: 	: 	: 	: 	: 	: 	: 	: 	: 	0 
A,PRP_REU,KG_HAB,IE	: 	: 	: 	: 	: 	: 	: 	: 	: 	: 	2 	3 	3 	4 	: 
A,PRP_REU,KG_HAB,IS	: 	: 	: 	: 	: 	: 	: 	: 	: 	: 	0 	0 	: 	0 	: 
A,PRP_REU,KG_HAB,LT	: 	: 	: 	: 	: 	: 	: 	: 	: 	0 	0 	1 	2 	3 	3 
A,PRP_REU,KG_HAB,LU	: 	: 	: 	: 	: 	: 	: 	: 	: 	: 	: 	: 	: 	0 	0 e
A,PRP_REU,KG_HAB,LV	: 	: 	: 	: 	: 	: 	: 	: 	: 	: 	1 	0 	: 	11 	12 
A,PRP_REU,KG_HAB,ME	: 	: 	: 	: 	: 	: 	: 	: 	: 	: 	: 	: 	0 	0 	0 
A,PRP_REU,KG_HAB,MK	: 	: 	: 	: 	: 	: 	: 	: 	: 	: 	: 	: 	0 	0 	: 
A,PRP_REU,KG_HAB,MT	0 	0 	0 	0 	0 	0 	0 	0 	0 	0 	0 	0 	2 	2 	2 
A,PRP_REU,KG_HAB,NO	: 	: 	: 	: 	: 	: 	: 	: 	: 	: 	: 	: 	: 	: 	0 
A,PRP_REU,KG_HAB,PT	: 	: 	: 	: 	: 	: 	: 	: 	: 	: 	0 	0 	0 	: 	: 
A,PRP_REU,KG_HAB,RO	: 	: 	: 	: 	: 	: 	: 	: 	: 	: 	0 	0 	0 	0 	: 
A,PRP_REU,KG_HAB,SE	: 	: 	: 	: 	: 	: 	: 	: 	: 	: 	0 b	0 	0 	1 	2 b
A,PRP_REU,KG_HAB,SI	: 	: 	: 	: 	: 	: 	: 	: 	1 	0 	0 	1 	1 	1 	1 
A,PRP_REU,KG_HAB,SK	: 	: 	: 	: 	: 	: 	: 	: 	: 	: 	3 	0 	0 	0 	0 
A,PRP_REU,KG_HAB,XK	: 	: 	: 	: 	: 	: 	: 	: 	: 	: 	0 	0 	: 	0 i	0 i
A,PRP_REU,THS_T,AL	: 	: 	: 	: 	: 	: 	: 	: 	: 	: 	: 	: 	0 	0 	: 
A,PRP_REU,THS_T,AT	: 	: 	: 	: 	: 	: 	: 	: 	: 	: 	33 b	42 	44 	38 	: 
A,PRP_REU,THS_T,BE	: 	: 	: 	: 	: 	: 	: 	: 	: 	: 	22 	86 	110 	116 	120 p
A,PRP_REU,THS_T,BG	: 	: 	: 	: 	: 	: 	: 	: 	: 	: 	0 	0 	: 	1 	: 
A,PRP_REU,THS_T,CH	: 	: 	: 	: 	: 	: 	: 	: 	: 	: 	0 	0 	0 	0 	: 
A,PRP_REU,THS_T,CY	0 	0 	0 	0 	0 	0 	0 	0 	0 	2 	2 	2 	2 	2 	2 p
A,PRP_REU,THS_T,CZ	: 	: 	: 	: 	: 	: 	: 	0 b	0 	0 	0 	0 	0 	0 	: 
A,PRP_REU,THS_T,DE	: 	: 	: 	: 	: 	: 	: 	: 	: 	: 	695 	1223 	278 	: 	: 
A,PRP_REU,THS_T,DK	: 	: 	: 	: 	: 	: 	: 	: 	: 	: 	: 	7 	21 	27 	32 p
A,PRP_REU,THS_T,EE	: 	: 	: 	: 	: 	: 	: 	: 	: 	: 	: 	: 	1 	: 	0 
A,PRP_REU,THS_T,EL	: 	: 	: 	: 	: 	: 	: 	: 	: 	: 	: 	: 	8 	11 	: 
A,PRP_REU,THS_T,FI	: 	: 	: 	: 	: 	: 	: 	: 	: 	: 	0 	: 	8 	4 	7 
A,PRP_REU,THS_T,FR	: 	: 	: 	: 	: 	: 	152 e	161 e	174 e	194 e	150 e	175 e	207 e	221 e	223 ep
A,PRP_REU,THS_T,HR	: 	: 	: 	: 	: 	: 	: 	: 	: 	: 	: 	: 	: 	: 	0 
A,PRP_REU,THS_T,IE	: 	: 	: 	: 	: 	: 	: 	: 	: 	: 	12 	14 	17 	19 	: 
A,PRP_REU,THS_T,IS	: 	: 	: 	: 	: 	: 	: 	: 	: 	: 	0 	0 	: 	0 	: 
A,PRP_REU,THS_T,LT	: 	: 	: 	: 	: 	: 	: 	: 	: 	0 	1 	2 	4 	7 	10 
A,PRP_REU,THS_T,LU	: 	: 	: 	: 	: 	: 	: b	: 	: 	: 	: 	: 	: 	0 	0 e
A,PRP_REU,THS_T,LV	: 	: 	: 	: 	: 	: 	: 	: 	: 	: 	1 	0 	: 	21 	23 
A,PRP_REU,THS_T,ME	: 	: 	: 	: 	: 	: 	: 	: 	: 	: 	: 	: 	0 	0 	0 
A,PRP_REU,THS_T,MK	: 	: 	: 	: 	: 	: 	: 	: 	: 	: 	: 	: 	0 	0 	: 
A,PRP_REU,THS_T,MT	0 	0 	0 	0 	0 	0 	0 	0 	0 	0 	0 	0 	1 	1 	1 
A,PRP_REU,THS_T,NO	: 	: 	: 	: 	: 	: 	: 	: 	: 	: 	: 	: 	: 	: 	0 
A,PRP_REU,THS_T,PT	: 	: 	: 	: 	: 	: 	: 	: 	: 	: 	0 	0 	0 	: 	: 
A,PRP_REU,THS_T,RO	: 	: 	: 	: 	: 	: 	: 	: 	: 	: 	0 	0 	0 	0 	: 
A,PRP_REU,THS_T,SE	: 	: 	: 	: 	: 	: 	: 	: 	: 	: 	1 b	3 	4 	7 	22 b
A,PRP_REU,THS_T,SI	: 	: 	: 	: 	: 	: 	: 	: 	1 	1 	0 	1 	2 	1 	1 
A,PRP_REU,THS_T,SK	: 	: 	: 	: 	: 	: 	: 	: 	: 	: 	18 	0 	0 	0 	0 
A,PRP_REU,THS_T,XK	: 	: 	: 	: 	: 	: 	: 	: 	: 	: 	0 	0 	: 	0 	0 
A,RCV_E,KG_HAB,AL	: 	: 	: 	3 	2 	8 	7 	8 	13 	3 	4 	6 	13 	14 	: 
A,RCV_E,KG_HAB,AT	196 	200 	201 	202 	205 	212 	212 	221 	224 	226 	298 b	296 	284 	277 	: 
A,RCV_E,KG_HAB,BA	0 	0 	0 	0 	0 	0 	0 	0 	: 	: 	: 	: 	0 	0 	0 
A,RCV_E,KG_HAB,BE	170 	169 	172 	182 	182 	179 	182 	173 	174 	176 	353 	332 	311 	303 	305 p
A,RCV_E,KG_HAB,BG	0 	0 	0 	7 	7 	12 	16 	15 	31 	16 i	20 	13 	15 	16 	: 
A,RCV_E,KG_HAB,CH	352 	345 	348 	346 	341 	344 	343 	337 	335 	333 	333 	336 	324 	325 	: 
A,RCV_E,KG_HAB,CY	0 	0 	0 	0 	5 	0 	2 	2 	5 	6 	9 	15 	16 	16 	17 
A,RCV_E,KG_HAB,CZ	47 e	58 e	62 e	60 e	57 e	56 e	55 e	85 b	82 	81 	68 	69 	67 	76 	: 
A,RCV_E,KG_HAB,DE	94 	101 	110 	142 	143 	148 	173 	193 	189 	192 e	187 	184 	176 	179 	187 e
A,RCV_E,KG_HAB,DK	: 	474 b	446 	447 	430 	422 	419 	421 	397 	401 	435 	395 	363 	387 	386 p
A,RCV_E,KG_HAB,EE	0 	0 	35 	163 	169 	185 	184 	165 	167 	167 	164 	192 	157 	159 	158 
A,RCV_E,KG_HAB,EL	0 	1 	3 	3 	2 	2 	3 	5 	8 	7 	8 	8 	8 	9 	: 
A,RCV_E,KG_HAB,ES	44 	50 	45 	53 	52 	58 	56 	60 	55 	52 	47 	51 	50 	46 p	47 e
A,RCV_E,KG_HAB,EU27_2020	91 	99 	102 	112 	114 	110 	119 	129 	128 	129 i	136 	135 	130 	129 	131 i
A,RCV_E,KG_HAB,FI	82 	126 	171 	209 	241 	239 	276 	299 	314 	314 	349 	381 	289 	252 	233 
A,RCV_E,KG_HAB,FR	179 e	182 	180 e	179 	179 e	180 	174 e	172 e	173 e	170 e	174 e	173 e	176 e	172 e	169 ep
A,RCV_E,KG_HAB,HR	0 	0 	0 	0 	1 	0 	0 	0 	0 	0 	1 	1 	1 	8 	7 
A,RCV_E,KG_HAB,HU	41 	41 	37 	34 	38 	54 	57 	63 	52 	53 	48 	52 	48 	53 	54 
A,RCV_E,KG_HAB,IE	24 	43 	93 	: 	192 	: 	170 	182 	254 	284 	268 	257 	262 	251 	: 
A,RCV_E,KG_HAB,IS	31 	25 	22 	15 	0 	1 	2 	0 	3 	: 	48 	39 	75 	103 	: 
A,RCV_E,KG_HAB,IT	90 	92 	92 	99 	97 	49 b	64 	90 	93 	96 	92 	91 	87 	90 	: 
A,RCV_E,KG_HAB,LT	0 	2 	0 	31 	38 	51 	77 	83 	58 	69 	124 	168 	177 	180 	179 
A,RCV_E,KG_HAB,LU	256 	261 	249 	243 	237 	274 	379 b	372 	375 	369 e	341 	323 	299 	292 	273 e
A,RCV_E,KG_HAB,LV	0 	0 	1 	6 	5 	8 	10 	11 	8 	15 	13 	16 	14 	26 	30 
A,RCV_E,KG_HAB,ME	: 	: 	0 e	0 e	0 e	0 e	0 e	0 e	0 e	0 e	0 e	0 e	0 e	0 e	0 e
A,RCV_E,KG_HAB,MK	: 	0 	: 	: 	: 	: 	: 	: 	: 	: 	: 	: 	0 	0 	: 
A,RCV_E,KG_HAB,MT	0 	6 	2 	1 	2 	2 	2 	0 	0 	0 	0 	25 	8 	16 	13 
A,RCV_E,KG_HAB,NL	171 	237 	263 	250 	246 	239 	229 	220 	213 	206 	217 	205 p	189 p	184 	187 
A,RCV_E,KG_HAB,NO	236 	271 	268 	285 	224 b	221 	404 b	396 	378 	384 	337 b	399 	393 	339 	338 
A,RCV_E,KG_HAB,PL	0 	0 	0 	15 be	31 be	35 e	56 e	72 e	74 e	72 e	71 	73 	74 	73 	85 
A,RCV_E,KG_HAB,PT	100 	103 	88 	104 	93 	91 	92 	96 	92 	96 	109 	120 	103 	92 	116 
A,RCV_E,KG_HAB,RO	1 b	2 	4 	5 	7 	6 	11 	12 	12 	13 	15 	17 	20 	16 	: 
A,RCV_E,KG_HAB,RS	0 	0 	0 	0 	0 	0 	0 	0 	0 	0 	1 	2 	2 	2 	: 
A,RCV_E,KG_HAB,SE	226 	237 	239 	233 	222 	233 	228 	239 	232 	236 	259 b	249 	233 	230 	225 
A,RCV_E,KG_HAB,SI	4 	5 	4 	2 	1 	76 be	82 e	36 e	47 e	65 e	54 e	46 	50 	59 	69 
A,RCV_E,KG_HAB,SK	32 	34 	30 	32 	34 	35 	36 	36 	29 	23 	35 	40 	37 	36 	35 
A,RCV_E,KG_HAB,TR	0 	0 	0 	0 	0 	0 	0 	0 	0 	0 	0 	0 	: 	: 	: 
A,RCV_E,KG_HAB,XK	: 	: 	: 	: 	: 	: 	: 	: 	: 	: 	0 	0 	0 	0 i	0 i
A,RCV_E,THS_T,AL	: 	: 	: 	9 	6 	22 	19 	23 	37 	10 	11 	17 	36 	38 	: 
A,RCV_E,THS_T,AT	1636 	1678 	1693 	1716 	1756 	1833 	1855 	1944 	1977 	2004 	2662 b	2648 	2565 	2532 	: 
A,RCV_E,THS_T,BA	0 	0 	0 	0 	0 	0 	0 	0 	: 	: 	: 	: 	0 	0 	0 
A,RCV_E,THS_T,BE	1850 	1863 	1909 	2031 	2039 	2014 	2065 	1964 	1983 	2021 	4069 	3850 	3633 	3569 	3622 p
A,RCV_E,THS_T,BG	0 	0 	0 	49 	51 	82 	109 	103 	208 	103 i	129 	82 	96 	101 	: 
A,RCV_E,THS_T,CH	2757 	2732 	2786 	2798 	2790 	2850 	2876 	2846 	2856 	2857 	2875 	2926 	2843 	2891 	: 
A,RCV_E,THS_T,CY	0 	0 	0 	0 	4 	0 	2 	2 	4 	6 	8 	14 	15 	16 	16 
A,RCV_E,THS_T,CZ	495 e	607 e	652 e	628 e	600 e	586 e	584 e	901 b	875 	868 	732 	722 	716 	825 	: 
A,RCV_E,THS_T,DE	7722 	8074 	8863 	11471 	11553 	12068 	14260 	15946 	15646 	15980 e	15517 	15318 	14661 	14926 	15584 e
A,RCV_E,THS_T,DK	: 	2643 b	2495 	2510 	2424 	2396 	2402 	2429 	2302 	2333 	2536 	2311 	2141 	2301 	2304 p
A,RCV_E,THS_T,EE	0 	0 	47 	214 	222 	243 	242 	217 	221 	221 	218 	255 	212 	218 	217 
A,RCV_E,THS_T,EL	0 	16 	29 	29 	25 	18 	27 	58 	83 	74 	88 	87 	87 	89 	: 
A,RCV_E,THS_T,ES	2044 	2342 	2112 	2492 	2394 	2685 	2589 	2804 	2580 	2445 	2218 	2423 	2366 	2227 p	2276 e
A,RCV_E,THS_T,EU27_2020	40102 	43552 	44839 	49359 	50375 	48969 	52758 	57283 	57217 	57588 i	60615 	60253 	58067 	57906 	59151 i
A,RCV_E,THS_T,FI	441 	678 	925 	1137 	1316 	1312 	1515 	1646 	1732 	1735 	1932 	2110 	1604 	1410 	1307 
A,RCV_E,THS_T,FR	11634 e	11832 	11790 e	11747 	11852 e	11957 	11602 e	11536 e	11585 e	11452 e	11779 e	11703 e	12020 e	11757 e	11609 ep
A,RCV_E,THS_T,HR	0 	0 	2 	1 	3 	0 	1 	1 	1 	1 	3 	5 	3 	30 	28 
A,RCV_E,THS_T,HU	406 	408 	364 	336 	373 	525 	554 	608 	501 	515 	466 	500 	460 	504 	520 
A,RCV_E,THS_T,IE	108 	196 	427 	: 	893 	: 	811 	881 	1243 	1413 	1353 	1313 	1364 	1332 	: 
A,RCV_E,THS_T,IS	10 	8 	7 	5 	0 	0 	1 	0 	1 	: 	18 	15 	29 	40 	: 
A,RCV_E,THS_T,IT	5387 	5552 	5529 	5970 	5868 	2969 b	3866 	5378 	5576 	5711 	5457 	5409 	5118 	5293 	: 
A,RCV_E,THS_T,LT	1 	6 	0 	91 	113 	150 	221 	236 	163 	194 	349 	473 	500 	516 	516 
A,RCV_E,THS_T,LU	130 	135 	132 	132 	132 	156 	221 b	222 	228 	229 e	215 	207 	195 	194 	185 e
A,RCV_E,THS_T,LV	0 	0 	3 	12 	11 	15 	19 	21 	15 	28 	24 	30 	26 	49 	57 
A,RCV_E,THS_T,ME	: 	: 	0 e	0 e	0 e	0 e	0 e	0 e	0 e	0 e	0 e	0 e	0 e	0 e	0 e
A,RCV_E,THS_T,MK	: 	0 	: 	: 	: 	: 	: 	: 	: 	: 	: 	: 	0 	0 	: 
A,RCV_E,THS_T,MT	0 	3 	1 	1 	1 	1 	1 	0 	0 	0 	0 	13 	4 	9 	8 
A,RCV_E,THS_T,NL	2841 	3956 	4405 	4200 	4141 	4057 	3901 	3775 	3668 	3577 	3793 	3597 p	3351 p	3297 	3368 
A,RCV_E,THS_T,NO	1154 	1341 	1346 	1446 	1148 b	1145 	2113 b	2088 	2006 	2053 	1814 b	2160 	2146 	1873 	1883 
A,RCV_E,THS_T,PL	0 	0 	0 	563 be	1162 be	1318 e	2114 e	2724 e	2822 e	2742 e	2656 	2702 	2714 	2686 	3101 
A,RCV_E,THS_T,PT	1058 	1088 	930 	1091 	974 	941 	950 	989 	946 	996 	1129 	1248 	1078 	976 	1241 
A,RCV_E,THS_T,RO	21 b	47 	89 	97 	133 	116 	220 	227 	241 	251 	298 	318 	389 	303 	: 
A,RCV_E,THS_T,RS	0 	0 	0 	0 	0 	0 	0 	0 	0 	0 	6 	13 	11 	11 	: 
A,RCV_E,THS_T,SE	2124 	2236 	2271 	2236 	2149 	2284 	2263 	2400 	2362 	2427 	2680 b	2599 	2439 	2423 	2378 
A,RCV_E,THS_T,SI	8 	11 	9 	3 	2 	158 be	169 e	74 e	98 e	136 e	113 e	97 	106 	126 	147 
A,RCV_E,THS_T,SK	171 	182 	164 	174 	186 	191 	197 	197 	157 	125 	193 	219 	203 	198 	191 
A,RCV_E,THS_T,TR	0 	0 	0 	0 	0 	0 	0 	0 	0 	0 	0 	0 	: 	: 	: 
A,RCV_E,THS_T,XK	: 	: 	: 	: 	: 	: 	: 	: 	: 	: 	0 	0 	0 	0 	0 
A,RCY,KG_HAB,AL	: 	: 	: 	: 	: 	: 	: 	: 	: 	: 	67 	58 	56 	57 	: 
A,RCY,KG_HAB,AT	334 	325 	334 	334 	319 	318 	325 	329 	334 	342 	519 b	521 	503 	491 	: 
A,RCY,KG_HAB,BA	0 	0 	0 	0 	0 	0 	0 	0 	: 	: 	: 	: 	3 	3 	4 
A,RCY,KG_HAB,BE	250 	247 	237 	230 	228 	220 	224 	221 	222 	227 	374 	420 	377 	384 	393 p
A,RCY,KG_HAB,BG	136 	133 	115 	125 	104 	127 	133 	157 	134 	161 i	152 	132 	120 	82 	: 
A,RCY,KG_HAB,CH	359 	347 	349 e	360 e	393 be	384 e	379 e	372 e	371 e	376 e	373 	368 	353 	353 	: 
A,RCY,KG_HAB,CY	79 	77 	86 	88 	91 	104 	104 	104 	110 	111 	105 	89 	97 	104 	109 p
A,RCY,KG_HAB,CZ	50 e	54 e	71 e	74 e	79 e	94 e	114 e	157 b	159 	167 	220 	247 	227 	234 	: 
A,RCY,KG_HAB,DE	376 	394 	404 	392 	414 	422 	425 	421 	407 	406 e	451 	462 	424 	421 	420 e
A,RCY,KG_HAB,DK	: 	365 b	342 	352 	367 	390 	402 	390 	406 	435 	366 	392 	382 	354 	350 p
A,RCY,KG_HAB,EE	55 	70 	54 	52 	111 	102 	105 	110 	114 	114 	111 	120 	124 	142 	136 
A,RCY,KG_HAB,EL	91 	89 	84 	76 	75 	77 	86 	95 	103 	110 	90 b	89 	90 	91 	: 
A,RCY,KG_HAB,ES	149 	130 	139 	148 	138 	137 	157 	171 	165 	179 	187 	211 	209 	201 p	194 e
A,RCY,KG_HAB,EU27_2020	191 	194 	199 	199 	208 	216 	227 	231 	232 	238 i	252 	266 	252 	245 	248 i
A,RCY,KG_HAB,FI	154 	176 	168 	160 	157 	203 b	212 	207 	233 	246 	257 	246 	228 	209 	219 
A,RCY,KG_HAB,FR	192 e	196 	199 e	201 	205 e	210 	220 e	224 e	227 e	228 e	210 e	231 e	214 e	212 e	217 ep
A,RCY,KG_HAB,HR	16 	32 	57 	61 	64 	72 	86 	100 	112 	138 	127 	143 	164 	171 	178 
A,RCY,KG_HAB,HU	79 	84 	102 	100 	118 	122 	132 	136 	144 	140 	130 	146 	134 	143 	139 
A,RCY,KG_HAB,IE	223 	222 	214 	: 	224 	: 	236 	232 	224 	232 b	260 	256 	254 	247 	: 
A,RCY,KG_HAB,IS	101 	125 	143 	154 	159 	166 	217 	168 	193 	: 	162 	175 	138 	184 	: 
A,RCY,KG_HAB,IT	168 	185 	191 	193 	205 	217 b	230 	235 	251 	258 	250 	257 	259 	249 	: 
A,RCY,KG_HAB,LT	20 	88 	104 	120 	132 	148 	212 b	218 	243 	233 	217 	212 	225 	220 	242 
A,RCY,KG_HAB,LU	315 	308 	310 	285 	299 	288 	401 b	390 	393 	387 e	418 	438 	402 	406 	389 e
A,RCY,KG_HAB,LV	30 	34 	47 	90 	98 	116 	103 	102 	103 	180 	190 	203 	236 	221 	244 
A,RCY,KG_HAB,ME	: 	: 	: 	: 	: 	: 	: 	: 	19 e	29 e	22 e	24 e	23 	21 	20 
A,RCY,KG_HAB,MK	: 	0 	: 	: 	: 	: 	: 	: 	: 	: 	: 	: 	0 	0 	: 
A,RCY,KG_HAB,MT	55 	96 	89 	76 	73 	70 	81 	77 	70 	63 	70 	82 	78 	105 	105 
A,RCY,KG_HAB,NL	281 	279 	272 	262 	268 	271 	278 	280 	286 	289 	304 	297 p	272 p	270 	274 
A,RCY,KG_HAB,NO	198 	194 	190 	194 	179 b	180 	288 b	290 	301 	317 	326 b	305 	316 	302 	333 
A,RCY,KG_HAB,PL	52 	36 	38 	45 	72 be	93 e	107 e	107 e	113 e	114 e	135 	149 	149 	101 b	121 
A,RCY,KG_HAB,PT	96 	99 	118 	113 	137 	137 	146 	141 	147 	147 	136 	155 	153 	154 	170 
A,RCY,KG_HAB,RO	40 b	30 	37 	34 	33 	33 	35 	38 	30 	32 	35 	37 	37 	38 	: 
A,RCY,KG_HAB,RS	0 	0 	0 	3 	2 	2 	1 	1 	1 	1 	66 	74 	84 	71 	: 
A,RCY,KG_HAB,SE	211 	213 	213 	220 	219 	215 	217 	212 	199 	209 	165 b	165 	157 	154 	197 b
A,RCY,KG_HAB,SI	110 	148 	152 	144 	156 	243 be	253 e	272 e	287 	299 	289 	311 	305 	309 	328 
A,RCY,KG_HAB,SK	29 	34 	41 	33 	33 	49 	80 	113 	150 	162 	217 	243 	237 	237 	247 
A,RCY,KG_HAB,TR	: 	: 	: 	: 	: 	: 	39 b	39 e	49 	49 e	51 	51 e	: 	: 	: 
A,RCY,KG_HAB,XK	: 	: 	: 	: 	: 	: 	: 	: 	: 	: 	0 	7 	7 	9 i	0 i
A,RCY,THS_T,AL	: 	: 	: 	: 	: 	: 	: 	: 	: 	: 	190 	164 	155 	159 	: 
A,RCY,THS_T,AT	2792 	2724 	2818 	2829 	2723 	2752 	2838 	2898 	2952 	3040 	4632 b	4670 	4544 	4484 	: 
A,RCY,THS_T,BA	0 	0 	0 	0 	0 	0 	0 	0 	: 	: 	: 	: 	9 	12 	12 
A,RCY,THS_T,BE	2726 	2732 	2638 	2570 	2560 	2484 	2541 	2517 	2542 	2613 	4318 	4861 	4409 	4525 	4662 p
A,RCY,THS_T,BG	1003 	979 	841 	894 	736 	884 	917 	1065 	901 	1065 i	997 	861 	777 	526 	: 
A,RCY,THS_T,CH	2808 	2746 	2790 e	2910 e	3216 be	3180 e	3174 e	3146 e	3156 e	3222 e	3221 	3204 	3100 	3136 	: 
A,RCY,THS_T,CY	66 	66 	75 	76 	78 	90 	90 	91 	97 	99 	95 	82 	91 	100 	106 p
A,RCY,THS_T,CZ	527 e	569 e	750 e	782 e	829 e	992 e	1202 e	1660 b	1691 	1777 	2354 	2597 	2425 	2543 	: 
A,RCY,THS_T,DE	30774 	31633 	32460 	31630 	33544 	34453 	34958 	34784 	33723 	33735 e	37467 	38474 	35244 	35036 	35103 e
A,RCY,THS_T,DK	: 	2036 b	1914 	1975 	2069 	2214 	2300 	2251 	2352 	2528 	2135 	2295 	2252 	2105 	2093 p
A,RCY,THS_T,EE	73 	93 	71 	68 	146 	134 	138 	145 	150 	151 	147 	159 	168 	194 	187 
A,RCY,THS_T,EL	1014 	992 	927 	834 	820 	833 	925 	1022 	1110 	1180 	963 b	941 	937 	948 	: 
A,RCY,THS_T,ES	6942 	6054 	6522 	6891 	6420 	6344 	7295 	7951 	7732 	8451 	8858 	9992 	9979 	9715 p	9465 e
A,RCY,THS_T,EU27_2020	84317 	85460 	87856 	87815 	91948 	95801 	100801 	102935 	103610 	106279 i	112745 	118419 	112790 	109688 	111691 i
A,RCY,THS_T,FI	827 	947 	912 	872 	856 	1111 b	1164 	1140 	1286 	1357 	1419 	1361 	1266 	1170 	1232 
A,RCY,THS_T,FR	12473 e	12794 	13012 e	13230 	13612 e	13994 	14661 e	15005 e	15227 e	15354 e	14184 e	15646 e	14602 e	14505 e	14862 ep
A,RCY,THS_T,HR	67 	137 	245 	257 	269 	298 	353 	405 	447 	547 	499 	555 	631 	660 	690 
A,RCY,THS_T,HU	789 	838 	1015 	987 	1159 	1194 	1292 	1319 	1394 	1358 	1257 	1411 	1283 	1375 	1328 
A,RCY,THS_T,IE	1017 	1018 	985 	: 	1043 	: 	1125 	1118 	1097 	1153 b	1310 	1306 	1323 	1314 	: 
A,RCY,THS_T,IS	32 	40 	46 	50 	52 	55 	73 	58 	68 	: 	59 	65 	53 	71 	: 
A,RCY,THS_T,IT	10050 	11129 	11516 	11654 	12337 	13067 b	13814 	14121 	15009 	15435 	14872 	15174 	15281 	14663 	: 
A,RCY,THS_T,LT	62 	268 	312 	356 	387 	431 	611 b	619 	684 	655 	611 	596 	637 	632 	700 
A,RCY,THS_T,LU	160 	160 	164 	155 	166 	164 	233 b	233 	239 	240 e	263 	281 	262 	270 	264 e
A,RCY,THS_T,LV	64 	70 	96 	182 	196 	229 	202 	198 	198 	344 	361 	383 	443 	417 	455 
A,RCY,THS_T,ME	: 	: 	: 	: 	: 	: 	: 	: 	12 e	18 e	14 e	15 e	14 	13 	13 
A,RCY,THS_T,MK	: 	0 	: 	: 	: 	: 	: 	: 	: 	: 	: 	: 	0 	0 	: 
A,RCY,THS_T,MT	23 	40 	38 	32 	32 	31 	37 	36 	34 	32 	36 	43 	41 	58 	59 
A,RCY,THS_T,NL	4664 	4651 	4549 	4406 	4527 	4590 	4740 	4801 	4922 	5010 	5297 	5202 p	4815 p	4818 	4930 
A,RCY,THS_T,NO	967 	959 	953 	987 	918 b	936 	1509 b	1532 	1598 	1696 	1756 b	1651 	1725 	1668 	1855 
A,RCY,THS_T,PL	1964 	1383 	1446 	1711 	2740 be	3528 e	4057 e	4047 e	4281 e	4345 e	5077 	5505 	5485 	3706 b	4410 
A,RCY,THS_T,PT	1018 	1041 	1243 	1187 	1430 	1423 	1513 	1458 	1519 	1526 	1413 	1617 	1606 	1631 	1823 
A,RCY,THS_T,RO	811 b	610 	745 	670 	648 	650 	689 	745 	586 	623 	683 	710 	712 	722 	: 
A,RCY,THS_T,RS	0 	0 	0 	25 	15 	14 	5 	6 	6 	4 	455 	507 	561 	469 	: 
A,RCY,THS_T,SE	1979 	2009 	2026 	2108 	2119 	2103 	2149 	2130 	2024 	2150 	1707 b	1720 	1645 	1627 	2082 b
A,RCY,THS_T,SI	225 	304 	313 	297 	321 	501 be	523 e	563 e	594 	623 	607 	655 	644 	656 	698 
A,RCY,THS_T,SK	157 	183 	222 	177 	180 	266 	434 	614 	818 	886 	1184 	1323 	1286 	1289 	1342 
A,RCY,THS_T,TR	: 	: 	: 	: 	: 	: 	3092 b	3130 e	3971 	4027 e	4264 	4318 e	: 	: 	: 
A,RCY,THS_T,XK	: 	: 	: 	: 	: 	: 	: 	: 	: 	: 	0 	12 	13 	17 	0 
A,RCY_C_D,KG_HAB,AL	: 	: 	: 	: 	: 	: 	: 	: 	: 	: 	0 	0 	0 	0 	: 
A,RCY_C_D,KG_HAB,AT	182 	188 	196 	192 	175 	175 	181 	182 	187 	189 	179 b	174 	163 	168 	: 
A,RCY_C_D,KG_HAB,BA	0 	0 	0 	0 	0 	0 	0 	0 	: 	: 	: 	: 	0 	0 	0 
A,RCY_C_D,KG_HAB,BE	97 	93 	93 	92 	87 	80 	85 	81 	82 	86 	137 	152 	135 	143 	151 p
A,RCY_C_D,KG_HAB,BG	0 	11 	13 	15 	8 	45 	38 	35 	8 	36 i	14 	10 	15 	12 	: 
A,RCY_C_D,KG_HAB,CH	119 	108 	106 e	123 e	153 be	152 e	155 e	154 e	153 e	164 e	163 e	161 e	160 e	158 e	: 
A,RCY_C_D,KG_HAB,CY	0 	0 	8 	9 	19 	21 	19 	9 	11 	9 	6 	7 	11 	18 	26 p
A,RCY_C_D,KG_HAB,CZ	7 e	7 e	8 e	9 e	9 e	13 e	23 e	50 b	50 	56 	70 	73 	83 	81 	: 
A,RCY_C_D,KG_HAB,DE	101 	106 	110 	106 	114 	114 	116 	114 	109 	114 e	143 	145 	134 	138 	139 e
A,RCY_C_D,KG_HAB,DK	: 	121 b	125 	130 	141 	151 	153 	154 	143 	152 	158 	192 	181 	145 	179 p
A,RCY_C_D,KG_HAB,EE	24 	27 	14 	15 	17 	13 	10 	14 	15 	9 	10 	13 	28 	36 	45 
A,RCY_C_D,KG_HAB,EL	13 	14 	16 	17 	15 	12 	17 	21 	26 	26 	8 b	8 	7 	7 	: 
A,RCY_C_D,KG_HAB,ES	59 	49 	48 	77 	62 	53 	72 	84 	80 	86 	93 	105 	106 	97 p	96 e
A,RCY_C_D,KG_HAB,EU27_2020	66 	66 	69 	71 	74 	75 	81 	84 	85 	88 i	96 	102 	98 	96 	99 i
A,RCY_C_D,KG_HAB,FI	62 	66 	60 	67 	70 	62 	65 	67 	72 	80 	80 	77 	77 	74 	82 
A,RCY_C_D,KG_HAB,FR	85 e	86 	87 e	89 	91 e	93 	98 e	100 e	106 e	104 e	91 e	103 e	94 e	97 e	103 ep
A,RCY_C_D,KG_HAB,HR	3 	3 	6 	7 	8 	7 	8 	10 	12 	16 	22 	23 	24 	30 	34 
A,RCY_C_D,KG_HAB,HU	15 	18 	18 	19 	24 	24 	30 	32 	32 	36 	40 	40 	32 	60 	58 
A,RCY_C_D,KG_HAB,IE	23 	34 	34 	: 	39 	: 	40 	51 	50 	59 	70 	94 	92 	90 	: 
A,RCY_C_D,KG_HAB,IS	25 	25 	22 	25 	46 	44 	50 	44 	49 	: 	54 	30 	15 	15 	: 
A,RCY_C_D,KG_HAB,IT	66 	66 	72 	72 	81 	86 	95 	98 	106 	107 	116 	119 	118 	102 	: 
A,RCY_C_D,KG_HAB,LT	6 	8 	17 	32 	41 	45 	104 b	108 	131 	104 	100 	85 	102 	107 	109 
A,RCY_C_D,KG_HAB,LU	133 	120 	128 	111 	121 	111 	167 b	153 	154 	152 e	186 	200 	171 	178 	170 e
A,RCY_C_D,KG_HAB,LV	2 	4 	6 	20 	13 	24 	42 	29 	25 	22 	35 	37 	79 	98 	107 
A,RCY_C_D,KG_HAB,ME	: 	: 	: 	: 	: 	: 	: 	: 	1 e	1 e	1 e	1 e	2 e	1 e	1 e
A,RCY_C_D,KG_HAB,MK	: 	0 	: 	: 	: 	: 	: 	: 	: 	: 	: 	: 	0 	0 	: 
A,RCY_C_D,KG_HAB,MT	0 	7 	12 	0 	0 	0 	0 	0 	0 	0 	0 	0 	0 	0 	0 
A,RCY_C_D,KG_HAB,NL	139 	141 	140 	137 	143 	143 	144 	144 	147 	148 	156 	153 p	139 p	140 	144 
A,RCY_C_D,KG_HAB,NO	73 	73 	66 	78 	68 b	70 	77 b	75 	72 	85 	70 b	77 	80 	75 	77 
A,RCY_C_D,KG_HAB,PL	5 	6 	5 	6 	15 be	17 e	21 e	22 e	27 e	30 e	42 	49 	52 	43 b	50 
A,RCY_C_D,KG_HAB,PT	38 	42 	66 	57 	64 	72 	79 	83 	85 	85 	71 	86 	87 	88 	107 
A,RCY_C_D,KG_HAB,RO	32 b	22 	29 	23 	20 	18 	18 	18 	9 	12 	18 	15 	15 	14 	: 
A,RCY_C_D,KG_HAB,RS	0 	0 	0 	0 	0 	0 	0 	0 	0 	0 	2 	2 	1 	2 	: 
A,RCY_C_D,KG_HAB,SE	60 	64 	65 	69 	72 	70 	72 	70 	69 	64 	78 b	82 	75 	75 	82 b
A,RCY_C_D,KG_HAB,SI	11 	22 	21 	28 	30 	34 e	69 e	73 	79 	84 	70 	72 	78 	77 	84 
A,RCY_C_D,KG_HAB,SK	11 	13 	15 	13 	17 	24 	26 	33 	39 	49 	65 	77 	79 	83 	91 
A,RCY_C_D,KG_HAB,TR	3 	4 e	2 	2 e	2 	2 e	2 	2 e	2 	2 e	1 	1 e	: 	: 	: 
A,RCY_C_D,KG_HAB,XK	: 	: 	: 	: 	: 	: 	: 	: 	: 	: 	0 	0 	0 	0 i	0 i
A,RCY_C_D,THS_T,AL	: 	: 	: 	: 	: 	: 	: 	: 	: 	: 	0 	0 	0 	0 	: 
A,RCY_C_D,THS_T,AT	1520 	1578 	1650 	1627 	1492 	1511 	1584 	1601 	1651 	1677 	1592 b	1556 	1478 	1535 	: 
A,RCY_C_D,THS_T,BA	0 	0 	0 	0 	0 	0 	0 	0 	: 	: 	: 	: 	0 	0 	0 
A,RCY_C_D,THS_T,BE	1057 	1028 	1038 	1030 	970 	900 	966 	924 	932 	982 	1585 	1758 	1578 	1689 	1795 p
A,RCY_C_D,THS_T,BG	0 	84 	92 	107 	59 	311 	263 	238 	52 	238 i	89 	66 	95 	80 	: 
A,RCY_C_D,THS_T,CH	930 	851 	851 e	991 e	1256 be	1256 e	1300 e	1300 e	1300 e	1405 e	1405 e	1405 e	1405 e	1405 e	: 
A,RCY_C_D,THS_T,CY	0 	0 	7 	8 	16 	18 	16 	8 	9 	8 	6 	7 	10 	17 	25 p
A,RCY_C_D,THS_T,CZ	76 e	74 e	85 e	96 e	93 e	141 e	245 e	525 b	534 	602 	751 	762 	890 	878 	: 
A,RCY_C_D,THS_T,DE	8298 	8498 	8864 	8536 	9242 	9298 	9523 	9429 	9019 	9442 e	11862 	12092 	11177 	11520 	11621 e
A,RCY_C_D,THS_T,DK	: 	672 b	699 	728 	794 	858 	879 	889 	827 	882 	921 	1122 	1070 	864 	1072 p
A,RCY_C_D,THS_T,EE	33 	35 	19 	20 	22 	17 	14 	19 	20 	12 	14 	18 	38 	49 	61 
A,RCY_C_D,THS_T,EL	142 	160 	180 	187 	168 	135 	182 	224 	281 	283 	85 b	84 	75 	68 	: 
A,RCY_C_D,THS_T,ES	2767 	2272 	2245 	3607 	2894 	2452 	3350 	3918 	3724 	4072 	4424 	4962 	5045 	4712 p	4672 e
A,RCY_C_D,THS_T,EU27_2020	28987 	28967 	30335 	31367 	32551 	33122 	36036 	37323 	37673 	39101 i	42784 	45369 	43636 	43011 	44501 i
A,RCY_C_D,THS_T,FI	332 	355 	323 	362 	382 	341 	355 	369 	400 	442 	442 	427 	428 	411 	460 
A,RCY_C_D,THS_T,FR	5536 e	5610 	5719 e	5828 	6007 e	6186 	6516 e	6662 e	7092 e	6992 e	6165 e	6955 e	6428 e	6665 e	7043 ep
A,RCY_C_D,THS_T,HR	13 	14 	26 	29 	34 	28 	31 	39 	49 	63 	87 	89 	93 	115 	131 
A,RCY_C_D,THS_T,HU	148 	184 	183 	188 	236 	231 	294 	309 	309 	353 	384 	382 	311 	575 	556 
A,RCY_C_D,THS_T,IE	107 	157 	156 	: 	180 	: 	190 	246 	245 	295 	351 	481 	480 	480 	: 
A,RCY_C_D,THS_T,IS	8 	8 	7 	8 	15 	14 	17 	15 	17 	: 	20 	11 	6 	6 	: 
A,RCY_C_D,THS_T,IT	3943 	3980 	4339 	4319 	4865 	5203 	5721 	5903 	6334 	6387 	6868 	7047 	6951 	6041 	: 
A,RCY_C_D,THS_T,LT	19 	23 	51 	95 	119 	132 	299 b	308 	368 	293 	280 	240 	288 	308 	315 
A,RCY_C_D,THS_T,LU	67 	62 	68 	61 	67 	63 	97 b	91 	94 	94 e	117 	128 	112 	119 	115 e
A,RCY_C_D,THS_T,LV	4 	8 	13 	40 	26 	47 	81 	57 	48 	42 	66 	69 	148 	185 	200 
A,RCY_C_D,THS_T,ME	: 	: 	: 	: 	: 	: 	: 	: 	1 e	1 e	1 e	1 e	1 e	1 e	1 e
A,RCY_C_D,THS_T,MK	: 	0 	: 	: 	: 	: 	: 	: 	: 	: 	: 	: 	0 	0 	: 
A,RCY_C_D,THS_T,MT	0 	3 	5 	0 	0 	0 	0 	0 	0 	0 	0 	0 	0 	0 	0 
A,RCY_C_D,THS_T,NL	2310 	2360 	2353 	2294 	2415 	2414 	2449 	2474 	2527 	2569 	2714 	2688 p	2462 p	2511 	2594 
A,RCY_C_D,THS_T,NO	358 	361 	333 	397 	351 b	365 	404 b	395 	382 	455 	376 b	417 	434 	416 	429 
A,RCY_C_D,THS_T,PL	181 	210 	202 	212 	560 be	661 e	814 e	848 e	1012 e	1153 e	1578 	1824 	1900 	1586 b	1814 
A,RCY_C_D,THS_T,PT	399 	447 	694 	593 	665 	745 	814 	854 	881 	883 	740 	893 	911 	935 	1142 
A,RCY_C_D,THS_T,RO	650 b	436 	580 	455 	391 	365 	352 	353 	181 	239 	353 	295 	291 	262 	: 
A,RCY_C_D,THS_T,RS	0 	0 	0 	0 	0 	0 	0 	0 	0 	0 	11 	12 	9 	11 	: 
A,RCY_C_D,THS_T,SE	564 	602 	621 	663 	699 	684 	715 	704 	704 	653 	808 b	851 	782 	789 	869 b
A,RCY_C_D,THS_T,SI	22 	45 	42 	58 	62 	71 e	144 e	151 	165 	176 	147 	152 	165 	164 	178 
A,RCY_C_D,THS_T,SK	59 	69 	81 	69 	91 	130 	143 	181 	215 	269 	355 	420 	430 	451 	494 
A,RCY_C_D,THS_T,TR	194 	291 e	155 	160 e	126 	154 e	146 	148 e	123 	125 e	117 	119 e	: 	: 	: 
A,RCY_C_D,THS_T,XK	: 	: 	: 	: 	: 	: 	: 	: 	: 	: 	0 	0 	0 	0 	0 
A,RCY_M,KG_HAB,AL	: 	: 	: 	78 	92 	89 	78 	76 	85 	71 	67 	58 	56 	57 	: 
A,RCY_M,KG_HAB,AT	152 	137 	139 	142 	144 	144 	144 	147 	147 	154 	337 b	343 	334 	319 	: 
A,RCY_M,KG_HAB,BA	0 	0 	0 	0 	0 	0 	0 	0 	: 	: 	: 	: 	2 	3 	3 
A,RCY_M,KG_HAB,BE	153 	154 	144 	138 	142 	140 	139 	140 	141 	142 	235 	260 	233 	231 	232 p
A,RCY_M,KG_HAB,BG	136 	122 	103 	110 	96 	82 	95 	122 	127 	125 i	139 	122 	105 	69 	: 
A,RCY_M,KG_HAB,CH	240 	239 	242 	237 	239 	232 	224 	218 	218 	212 	210 	207 	193 	195 	: 
A,RCY_M,KG_HAB,CY	79 	77 	79 	79 	72 	83 	85 	96 	99 	100 	97 	79 	84 	83 	81 p
A,RCY_M,KG_HAB,CZ	43 e	47 e	63 e	65 e	70 e	81 e	91 e	107 b	109 	110 	150 	175 	144 	153 	: 
A,RCY_M,KG_HAB,DE	275 	288 	293 	286 	300 	308 	309 	307 	298 	292 e	300 	302 	286 	282 	281 e
A,RCY_M,KG_HAB,DK	: 	245 b	217 	222 	226 	239 	248 	236 	263 	283 	208 	199 	197 	204 	165 p
A,RCY_M,KG_HAB,EE	31 	44 	40 	37 	95 	89 	95 	96 	98 	104 	100 	107 	95 	106 	92 
A,RCY_M,KG_HAB,EL	78 	75 	68 	59 	60 	65 	69 	74 	77 	84 	82 	81 	82 	83 	: 
A,RCY_M,KG_HAB,ES	90 	81 	91 	70 	76 	84 	85 	87 	86 	93 	94 	106 	103 	103 p	98 e
A,RCY_M,KG_HAB,EU27_2020	125 	128 	130 	128 	134 	141 	145 	147 	148 	150 i	155 	160 	153 	148 	148 i
A,RCY_M,KG_HAB,FI	92 	110 	109 	94 	87 	141 b	147 	140 	161 	166 	177 	168 	149 	135 	136 
A,RCY_M,KG_HAB,FR	107 e	110 	111 e	113 	115 e	117 	120 e	122 e	119 e	121 e	116 e	126 e	117 e	111 e	111 ep
A,RCY_M,KG_HAB,HR	12 	29 	51 	54 	56 	65 	79 	91 	100 	123 	105 	120 	139 	141 	144 
A,RCY_M,KG_HAB,HU	64 	66 	84 	81 	94 	98 	102 	104 	112 	104 	90 	107 	101 	83 	81 
A,RCY_M,KG_HAB,IE	200 	188 	180 	: 	185 	: 	196 	181 	174 	172 b	188 b	159 	158 	153 	: 
A,RCY_M,KG_HAB,IS	75 	100 	122 	130 	113 	122 	167 	124 	144 	: 	108 	145 	123 	169 	: 
A,RCY_M,KG_HAB,IT	102 	119 	119 	122 	124 	131 b	135 	137 	145 	151 	135 	137 	141 	146 	: 
A,RCY_M,KG_HAB,LT	14 	81 	87 	88 	91 	102 	109 	109 	112 	129 	117 	126 	122 	110 	130 
A,RCY_M,KG_HAB,LU	183 	188 	182 	174 	178 	177 	233 b	237 	239 	235 e	232 	238 	230 	227 	220 e
A,RCY_M,KG_HAB,LV	28 	30 	41 	71 	85 	92 	62 	73 	78 	158 	155 	167 	157 	112 	125 
A,RCY_M,KG_HAB,ME	: 	1 e	14 e	14 e	14 e	17 e	17 e	18 e	18 e	27 e	21 e	22 e	21 e	19 e	19 e
A,RCY_M,KG_HAB,MK	: 	0 	: 	: 	: 	: 	: 	: 	: 	: 	: 	: 	0 	0 	: 
A,RCY_M,KG_HAB,MT	55 	89 	77 	76 	73 	70 	81 	77 	70 	63 	70 	82 	76 	102 	102 
A,RCY_M,KG_HAB,NL	142 	137 	131 	126 	125 	128 	135 	136 	139 	141 	148 	143 p	133 p	129 	130 
A,RCY_M,KG_HAB,NO	125 	121 	124 	116 	110 b	110 	211 b	216 	229 	232 	256 b	228 	237 	227 	256 
A,RCY_M,KG_HAB,PL	47 	31 	33 	39 	57 be	75 e	85 e	84 e	86 e	84 e	93 	100 	97 	58 b	71 
A,RCY_M,KG_HAB,PT	59 	56 	52 	57 	73 	65 	67 	58 	62 	62 	65 	70 	66 	66 	64 
A,RCY_M,KG_HAB,RO	8 b	9 	8 	11 	13 	14 	17 	20 	21 	20 	17 	22 	22 	24 	: 
A,RCY_M,KG_HAB,RS	0 	0 	0 	3 	2 	2 	1 	1 	1 	1 	64 	73 	82 	69 	: 
A,RCY_M,KG_HAB,SE	151 	149 	148 	150 	146 	145 	145 	142 	130 	146 	87 b	83 	82 	79 	113 b
A,RCY_M,KG_HAB,SI	99 	126 	131 	116 	126 	208 be	184 e	199 e	207 e	214 e	219 e	238 	226 	231 	244 
A,RCY_M,KG_HAB,SK	18 	21 	26 	20 	16 	25 	54 	80 	111 	113 	148 	166 	158 	154 	156 
A,RCY_M,KG_HAB,TR	: 	: 	: 	: 	: 	: 	37 b	37 e	47 	47 e	50 	50 e	: 	: 	: 
A,RCY_M,KG_HAB,XK	: 	: 	: 	: 	: 	: 	: 	: 	: 	: 	0 	7 	7 	9 i	0 i
A,RCY_M,THS_T,AL	: 	: 	: 	226 	265 	258 	224 	218 	245 	203 	190 	164 	155 	159 	: 
A,RCY_M,THS_T,AT	1272 	1146 	1168 	1202 	1231 	1241 	1254 	1296 	1301 	1363 	3006 b	3072 	3022 	2912 	: 
A,RCY_M,THS_T,BA	0 	0 	0 	0 	0 	0 	0 	0 	: 	: 	: 	: 	9 	11 	12 
A,RCY_M,THS_T,BE	1669 	1704 	1600 	1539 	1590 	1584 	1575 	1593 	1611 	1631 	2711 	3017 	2722 	2720 	2748 p
A,RCY_M,THS_T,BG	1003 	895 	749 	787 	677 	573 	654 	827 	849 	827 i	908 	795 	682 	445 	: 
A,RCY_M,THS_T,CH	1878 	1895 	1939 	1919 	1960 	1924 	1874 	1846 	1856 	1817 	1816 	1799 	1695 	1731 	: 
A,RCY_M,THS_T,CY	66 	66 	68 	68 	62 	72 	74 	84 	88 	89 	88 	73 	79 	80 	78 p
A,RCY_M,THS_T,CZ	452 e	496 e	665 e	686 e	736 e	851 e	958 e	1134 b	1156 	1175 	1603 	1835 	1536 	1665 	: 
A,RCY_M,THS_T,DE	22476 	23135 	23596 	23094 	24302 	25155 	25435 	25355 	24704 	24293 e	24910 	25159 	23788 	23517 	23482 e
A,RCY_M,THS_T,DK	: 	1364 b	1215 	1247 	1275 	1356 	1421 	1362 	1525 	1646 	1214 	1167 	1162 	1213 	989 p
A,RCY_M,THS_T,EE	41 	58 	52 	49 	125 	117 	125 	127 	130 	139 	133 	142 	128 	145 	126 
A,RCY_M,THS_T,EL	872 	832 	747 	647 	652 	698 	743 	798 	829 	898 	878 	856 	854 	869 	: 
A,RCY_M,THS_T,ES	4175 	3782 	4277 	3284 	3526 	3892 	3945 	4033 	4009 	4379 	4434 	5030 	4934 	5002 p	4793 e
A,RCY_M,THS_T,EU27_2020	55330 	56493 	57521 	56449 	59398 	62679 	64613 	65451 	65762 	66981 i	69025 	71495 	68447 	66199 	66680 i
A,RCY_M,THS_T,FI	495 	592 	589 	510 	474 	770 b	808 	771 	886 	916 	977 	933 	829 	754 	765 
A,RCY_M,THS_T,FR	6937 e	7184 	7293 e	7402 	7605 e	7808 	7992 e	8182 e	7960 e	8168 e	7868 e	8516 e	7967 e	7619 e	7596 ep
A,RCY_M,THS_T,HR	53 	123 	220 	228 	236 	270 	322 	366 	398 	484 	412 	467 	538 	544 	558 
A,RCY_M,THS_T,HU	641 	654 	832 	799 	923 	963 	998 	1010 	1085 	1005 	873 	1029 	973 	800 	773 
A,RCY_M,THS_T,IE	910 	861 	829 	: 	863 	: 	935 	872 	851 	858 b	948 b	811 	826 	814 	: 
A,RCY_M,THS_T,IS	24 	32 	39 	42 	37 	40 	56 	43 	51 	: 	40 	54 	47 	65 	: 
A,RCY_M,THS_T,IT	6107 	7149 	7177 	7335 	7472 	7864 b	8093 	8218 	8675 	9048 	8004 	8127 	8330 	8622 	: 
A,RCY_M,THS_T,LT	43 	244 	261 	261 	268 	298 	312 	311 	315 	363 	329 	354 	345 	316 	375 
A,RCY_M,THS_T,LU	93 	98 	96 	95 	99 	101 	136 b	141 	145 	146 e	146 	152 	150 	152 	149 e
A,RCY_M,THS_T,LV	60 	62 	84 	142 	170 	182 	121 	141 	150 	302 	294 	314 	295 	211 	233 
A,RCY_M,THS_T,ME	: 	1 e	8 e	9 e	9 e	11 e	11 e	11 e	11 e	17 e	13 e	14 e	13 e	12 e	12 e
A,RCY_M,THS_T,MK	: 	0 	: 	: 	: 	: 	: 	: 	: 	: 	: 	: 	0 	0 	: 
A,RCY_M,THS_T,MT	23 	37 	32 	32 	32 	31 	37 	36 	34 	32 	36 	43 	40 	56 	58 
A,RCY_M,THS_T,NL	2354 	2291 	2196 	2112 	2112 	2176 	2291 	2327 	2395 	2441 	2583 	2514 p	2353 p	2307 	2336 
A,RCY_M,THS_T,NO	609 	598 	620 	590 	567 b	572 	1105 b	1138 	1217 	1241 	1379 b	1234 	1291 	1252 	1426 
A,RCY_M,THS_T,PL	1783 	1173 	1244 	1499 	2180 be	2867 e	3243 e	3199 e	3269 e	3192 e	3499 	3681 	3585 	2120 b	2596 
A,RCY_M,THS_T,PT	619 	595 	549 	594 	765 	678 	699 	604 	638 	643 	673 	724 	695 	696 	681 
A,RCY_M,THS_T,RO	162 b	173 	165 	215 	256 	284 	337 	393 	406 	384 	330 	415 	420 	460 	: 
A,RCY_M,THS_T,RS	0 	0 	0 	25 	15 	14 	5 	6 	6 	4 	444 	496 	552 	458 	: 
A,RCY_M,THS_T,SE	1414 	1408 	1405 	1445 	1420 	1418 	1435 	1426 	1320 	1497 	898 b	867 	859 	830 	1191 b
A,RCY_M,THS_T,SI	203 	258 	270 	239 	259 	430 be	380 e	412 e	429 e	447 e	460 e	502 	477 	490 	518 
A,RCY_M,THS_T,SK	98 	113 	141 	108 	88 	136 	291 	433 	603 	616 	810 	903 	857 	837 	848 
A,RCY_M,THS_T,TR	: 	: 	: 	: 	: 	: 	2946 b	2982 e	3848 	3902 e	4146 	4199 e	: 	: 	: 
A,RCY_M,THS_T,XK	: 	: 	: 	: 	: 	: 	: 	: 	: 	: 	0 	12 	13 	17 	0 
A,TRT,KG_HAB,AL	: 	: 	: 	325 i	425 i	491 i	452 e	436 e	462 	381 	369 	311 	295 	306 	: 
A,TRT,KG_HAB,AT	548 	552 	560 	559 	547 	547 	552 	562 	570 	580 i	834 b	835 	803 	782 	: 
A,TRT,KG_HAB,BA	271 	269 	227 	233 	234 	257 	272 	271 	273 	319 i	316 i	281 i	269 	268 	273 
A,TRT,KG_HAB,BE	436 	433 	425 	425 	418 	406 	419 	407 	409 	416 	729 	755 	690 	688 	699 p
A,TRT,KG_HAB,BG	547 	483 	433 	434 	425 	424 	417 	451 	426 	464 i	408 	467 	451 	334 	: 
A,TRT,KG_HAB,CH	711 	692 	697 	706 	733 	728 	723 	709 	706 e	709 e	706 	704 	677 	678 	: 
A,TRT,KG_HAB,CY	679 	636 	628 	592 	560 	580 	596 	590 	559 	541 	514 	488 	499 	526 	582 p
A,TRT,KG_HAB,CZ	304 	319 	308 	307 	310 	316 	339 	467 b	473 	482 	550 	581 	543 	538 	: 
A,TRT,KG_HAB,DE	602 	626 	619 	608 	631 	632 	633 	627 	606 i	609 i	641 	648 	608 	613 	628 e
A,TRT,KG_HAB,DK	: 	862 b	806 	813 	808 	822 	830 	820 	812 	844 	813 	800 	759 	759 	755 p
A,TRT,KG_HAB,EE	256 	250 	187 	255 	303 	313 	344 	373 	382 	345 	331 	389 	330 	339 	343 
A,TRT,KG_HAB,EL	532 	503 	495 	482 	488 	488 	498 	504 	515 i	524 	499 b	509 	519 	523 	: 
A,TRT,KG_HAB,ES	510 	485 	468 	455 	448 	456 	464 	473 	475 	472 	463 	482 	485 	464 p	456 e
A,TRT,KG_HAB,EU27_2020	489 	486 	474 	466 	469 	472 	485 	491 	489 i	494 i	510 	523 	501 	: 	494 i
A,TRT,KG_HAB,FI	470 	504 	506 	493 	482 	500 	504 	510 	551 	566 	609 	630 	522 	468 	457 
A,TRT,KG_HAB,FR	534 e	534 	527 e	520 	517 e	516 	553 e	558 e	545 e	543 e	516 e	537 e	507 e	497 e	497 ep
A,TRT,KG_HAB,HR	373 	381 	381 	395 	377 	389 	400 	407 	406 	410 	390 	410 	430 	425 	434 
A,TRT,KG_HAB,HU	403 	382 	402 	379 	378 	379 	383 	386 	386 	391 	406 	420 	407 	429 	414 
A,TRT,KG_HAB,IE	575 	559 	530 	: 	531 	: 	571 	564 	585 	610 b	631 b	614 	605 	584 	: 
A,TRT,KG_HAB,IS	484 	495 	514 	513 	535 	528 	655 	656 	701 	: 	614 	659 	595 	580 	: 
A,TRT,KG_HAB,IT	510 	499 	478 	473 	457 	447 	455 	449 	459 	462 	443 	452 	439 	423 	: 
A,TRT,KG_HAB,LT	369 	432 	429 	421 	425 	441 	421 	449 	414 	412 	426 	459 	467 	441 	456 
A,TRT,KG_HAB,LU	679 	666 	652 	616 	626 	607 	815 b	798 	803 	791 e	790 	793 	721 	718 	681 e
A,TRT,KG_HAB,LV	324 	292 	302 	355 	362 	373 	376 	380 	351 	446 i	455 	461 	451 	: 	417 
A,TRT,KG_HAB,ME	: 	439 e	448 e	476 e	470 e	489 e	502 e	472 e	478 e	517 e	457 e	503 e	529 e	557 e	577 e
A,TRT,KG_HAB,MK	351 	357 	381 	384 	370 	380 	385 	344 	301 	305 i	304 	324 	330 	340 	: 
A,TRT,KG_HAB,MT	600 	615 	595 	573 	581 	748 	571 	608 	633 	700 	601 	626 	600 	565 	566 
A,TRT,KG_HAB,NL	571 	568 	549 	526 	527 	523 	520 	513 	511 	508 	533 	513 p	473 p	465 	473 
A,TRT,KG_HAB,NO	462 	476 	467 	489 	414 b	415 	754 b	748 	739 	776 	726 b	799 	768 	723 	715 
A,TRT,KG_HAB,PL	264 	258 	252 	249 	272 	286 	307 	315 	329 e	336 e	350 	370 	364 	288 b	322 
A,TRT,KG_HAB,PT	516 	490 	453 	439 	452 	442 	445 	463 	482 	486 	535 	545 	536 	532 	556 
A,TRT,KG_HAB,RO	279 b	234 	212 	214 	218 	216 	242 	259 	255 	258 	265 	280 	284 	288 	: 
A,TRT,KG_HAB,RS	259 	289 	254 	271 	236 	194 	212 	257 	280 	291 	409 	423 	453 	447 	: 
A,TRT,KG_HAB,SE	441 	453 	454 	455 	443 	451 	447 	452 	434 	449 	427 b	418 	393 	390 	425 b
A,TRT,KG_HAB,SI	393 	388 	311 	255 	257 	421 	382 	374 	384 e	416 e	385 	405 	409 	429 	465 
A,TRT,KG_HAB,SK	309 	298 	296 	278 	282 	310 	345 	378 	414 	421 	470 	488 	466 	462 	476 
A,TRT,KG_HAB,TR	343 	359 	342 	334 	363 	352 e	398 b	398 e	396 	396 e	388 	389 e	: 	: 	: 
A,TRT,KG_HAB,XK	: 	: 	: 	: 	: 	: 	: 	229 	226 	252 i	255 	271 	283 	277 i	267 i
A,TRT,THS_T,AL	: 	: 	: 	940 i	1229 i	1413 i	1300 e	1254 e	1325 	1087 	1048 	875 	820 	844 	: 
A,TRT,THS_T,AT	4582 	4632 	4718 	4744 	4673 	4728 	4825 	4944 	5041 	5149 i	7438 b	7476 	7261 	7142 	: 
A,TRT,THS_T,BA	1042 	1034 	873 	894 	894 	942 	954 	951 	956 	1114 i	1101 	973 	929 	918 	930 
A,TRT,THS_T,BE	4746 	4778 	4716 	4743 	4684 	4574 	4752 	4632 	4677 	4779 	8408 	8753 	8056 	8104 	8294 p
A,TRT,THS_T,BG	4044 	3547 	3164 	3110 	3004 	2960 	2877 	3071 	2859 	3071 i	2673 	3038 	2919 	2155 	: 
A,TRT,THS_T,CH	5565 	5478 	5576 	5708 	6006 	6030 	6050 	5992 	6012 e	6079 e	6096 	6130 	5943 	6027 	: 
A,TRT,THS_T,CY	563 	542 	542 	511 	481 	500 	516 	516 	494 	485 	467 	450 	469 	504 	566 p
A,TRT,THS_T,CZ	3186 	3346 	3233 	3228 	3261 	3337 	3580 	4950 b	5029 	5146 	5881 	6103 	5800 	5845 	: 
A,TRT,THS_T,DE	49236 	50238 	49759 	49021 	51102 	51626 	52133 	51790 	50272 i	50612 i	53322 	53871 	50606 	51017 	52471 e
A,TRT,THS_T,DK	: 	4803 b	4507 	4563 	4559 	4671 	4757 	4728 	4707 	4907 	4744 	4688 	4478 	4513 	4511 p
A,TRT,THS_T,EE	340 	332 	247 	336 	398 	411 	453 	492 	505 	458 	440 	518 	445 	464 	470 
A,TRT,THS_T,EL	5917 	5586 	5463 	5284 	5315 	5277 	5367 	5415 	5523 i	5613 	5335 b	5381 	5420 	5440 	: 
A,TRT,THS_T,ES	23774 	22672 	21896 	21184 	20836 	21158 	21542 	22018 	22229 	22262 	21928 	22853 	23153 	22433 p	22292 e
A,TRT,THS_T,EU27_2020	216139 	214305 	209156 	206088 	207704 	209326 	215635 	218547 	218035 i	220447 i	227572 	233135 	224022 	: 	222173 i
A,TRT,THS_T,FI	2519 	2718 	2738 	2682 	2630 	2738 	2768 	2812 	3041 	3123 	3370 	3491 	2898 	2612 	2570 
A,TRT,THS_T,FR	34609 e	34790 	34484 e	34176 	34260 e	34344 	36930 e	37339 e	36603 e	36566 e	34877 e	36428 e	34568 e	33975 e	34086 ep
A,TRT,THS_T,HR	1604 	1633 	1627 	1671 	1582 	1617 	1642 	1649 	1619 	1621 	1525 	1590 	1659 	1641 	1679 
A,TRT,THS_T,HU	4033 	3809 	3988 	3738 	3713 	3710 	3734 	3752 	3746 	3791 	3931 	4042 	3911 	4115 	3957 
A,TRT,THS_T,IE	2622 	2558 	2439 	: 	2473 	: 	2718 	2724 	2865 	3037 b	3181 b	3139 	3151 	3102 	: 
A,TRT,THS_T,IS	154 	158 	165 	166 	175 	175 	220 	225 	247 	: 	225 	246 	227 	224 	: 
A,TRT,THS_T,IT	30505 	29928 	28765 	28538 	27537 	26926 	27374 	26948 	27488 	27607 	26304 	26751 	25936 	24943 	: 
A,TRT,THS_T,LT	1143 	1309 	1283 	1246 	1247 	1283 	1211 	1275 	1167 	1159 	1197 	1290 	1324 	1266 	1318 
A,TRT,THS_T,LU	344 	345 	346 	335 	348 	346 	474 b	476 	488 	491 e	498 	508 	471 	478 	461 e
A,TRT,THS_T,LV	680 	601 	615 	715 	722 	738 	737 	737 	676 	854 i	865 	868 	848 	: 	778 
A,TRT,THS_T,ME	: 	272 e	278 e	296 e	293 e	304 e	313 e	294 e	298 e	322 e	284 e	311 e	327 e	345 e	359 e
A,TRT,THS_T,MK	721 	735 	786 	793 	765 	786 	797 	714 	625 	632 i	630 	632 	606 	622 	: 
A,TRT,THS_T,MT	249 	256 	250 	243 	252 	332 	259 	284 	306 	353 	310 	325 	319 	312 	322 
A,TRT,THS_T,NL	9483 	9480 	9202 	8841 	8893 	8866 	8861 	8792 	8806 	8806 	9300 	9003 p	8365 p	8316 	8504 
A,TRT,THS_T,NO	2258 	2356 	2343 	2485 	2127 b	2155 	3946 b	3949 	3927 	4151 	3905 b	4320 	4189 	3989 	3984 
A,TRT,THS_T,PL	10040 	9828 	9582 	9474 	10331 	10864 	11654 	11969 	12485 e	12753 e	13117 	13674 	13420 	10551 b	11771 
A,TRT,THS_T,PT	5457 	5178 	4766 	4598 	4710 	4586 	4607 	4783 	4984 	5027 	5551 	5674 	5614 	5626 	5948 
A,TRT,THS_T,RO	5645 b	4713 	4261 	4270 	4338 	4288 	4760 	5072 	4960 	5007 	5113 	5354 	5415 	5482 	: 
A,TRT,THS_T,RS	1889 	2090 	1830 	1945 	1685 	1374 	1495 	1806 	1956 	2024 	2820 	2893 	3043 	2960 	: 
A,TRT,THS_T,SE	4140 	4278 	4324 	4371 	4295 	4422 	4439 	4551 	4416 	4611 	4422 b	4356 	4121 	4113 	4495 b
A,TRT,THS_T,SI	805 	796 	639 	526 	530 	869 	790 	773 	796 e	868 e	809 	853 	864 	909 	988 
A,TRT,THS_T,SK	1666 	1609 	1601 	1502 	1528 	1683 	1875 	2057 	2253 	2293 	2568 	2660 	2531 	2506 	2582 
A,TRT,THS_T,TR	25098 	26610 	25707 	25427 	27990 	27569 e	31584 b	31968 e	32209 	32661 e	32324 	32737 e	: 	: 	: 
A,TRT,THS_T,XK	: 	: 	: 	: 	: 	: 	: 	410 	407 	451 i	456 	485 	501 	490 	469 
